model,confidence_threshold,frame_id,video,quality_group,method,class_id,n_gt,raw_detected,raw_tp_count,raw_confidence,method_detected,method_tp_count,method_confidence,outcome
yolov8n.pt,0.15,video1/v01_20-16_f00054_t01.82_clear,video1,clear,temporal_fixed,56,1,False,0,,False,0,,still_missed
yolov8n.pt,0.15,video1/v01_20-16_f00054_t01.82_clear,video1,clear,temporal_quality_weighted,56,1,False,0,,False,0,,still_missed
yolov8n.pt,0.15,video1/v01_20-16_f00081_t02.73_clear,video1,clear,temporal_fixed,56,3,False,0,,False,0,,still_missed
yolov8n.pt,0.15,video1/v01_20-16_f00081_t02.73_clear,video1,clear,temporal_quality_weighted,56,3,False,0,,False,0,,still_missed
yolov8n.pt,0.15,video1/v01_20-16_f00108_t03.63_moderate_blur,video1,moderate_blur,temporal_fixed,56,3,False,0,,False,0,,still_missed
yolov8n.pt,0.15,video1/v01_20-16_f00108_t03.63_moderate_blur,video1,moderate_blur,temporal_fixed,60,1,False,0,,False,0,,still_missed
yolov8n.pt,0.15,video1/v01_20-16_f00108_t03.63_moderate_blur,video1,moderate_blur,temporal_quality_weighted,56,3,False,0,,False,0,,still_missed
yolov8n.pt,0.15,video1/v01_20-16_f00108_t03.63_moderate_blur,video1,moderate_blur,temporal_quality_weighted,60,1,False,0,,False,0,,still_missed
yolov8n.pt,0.15,video1/v01_20-16_f00162_t05.45_moderate_blur,video1,moderate_blur,temporal_fixed,56,7,False,0,,False,0,,still_missed
yolov8n.pt,0.15,video1/v01_20-16_f00162_t05.45_moderate_blur,video1,moderate_blur,temporal_fixed,60,1,False,0,,False,0,,still_missed
yolov8n.pt,0.15,video1/v01_20-16_f00162_t05.45_moderate_blur,video1,moderate_blur,temporal_quality_weighted,56,7,False,0,,False,0,,still_missed
yolov8n.pt,0.15,video1/v01_20-16_f00162_t05.45_moderate_blur,video1,moderate_blur,temporal_quality_weighted,60,1,False,0,,False,0,,still_missed
yolov8n.pt,0.15,video1/v01_20-16_f00189_t06.36_clear,video1,clear,temporal_fixed,56,16,True,4,0.5291,True,3,0.4954,lost
yolov8n.pt,0.15,video1/v01_20-16_f00189_t06.36_clear,video1,clear,temporal_fixed,60,1,False,0,,False,0,,still_missed
yolov8n.pt,0.15,video1/v01_20-16_f00189_t06.36_clear,video1,clear,temporal_quality_weighted,56,16,True,4,0.5291,True,2,0.4994,lost
yolov8n.pt,0.15,video1/v01_20-16_f00189_t06.36_clear,video1,clear,temporal_quality_weighted,60,1,False,0,,False,0,,still_missed
yolov8n.pt,0.15,video1/v01_20-16_f00270_t09.09_moderate_blur,video1,moderate_blur,temporal_fixed,56,7,False,0,,False,0,,still_missed
yolov8n.pt,0.15,video1/v01_20-16_f00270_t09.09_moderate_blur,video1,moderate_blur,temporal_quality_weighted,56,7,False,0,,False,0,,still_missed
yolov8n.pt,0.15,video1/v01_20-16_f00325_t10.94_clear,video1,clear,temporal_fixed,56,4,False,0,,False,0,,still_missed
yolov8n.pt,0.15,video1/v01_20-16_f00325_t10.94_clear,video1,clear,temporal_quality_weighted,56,4,False,0,,False,0,,still_missed
yolov8n.pt,0.15,video1/v01_20-16_f00352_t11.85_moderate_blur,video1,moderate_blur,temporal_fixed,56,10,True,1,0.192,True,1,0.1591,no_change
yolov8n.pt,0.15,video1/v01_20-16_f00352_t11.85_moderate_blur,video1,moderate_blur,temporal_quality_weighted,56,10,True,1,0.192,True,1,0.1718,no_change
yolov8n.pt,0.15,video1/v01_20-16_f00379_t12.75_severe_blur,video1,severe_blur,temporal_fixed,56,3,False,0,,False,0,,still_missed
yolov8n.pt,0.15,video1/v01_20-16_f00379_t12.75_severe_blur,video1,severe_blur,temporal_quality_weighted,56,3,False,0,,False,0,,still_missed
yolov8n.pt,0.15,video1/v01_20-16_f00433_t14.57_severe_blur,video1,severe_blur,temporal_fixed,56,3,False,0,,False,0,,still_missed
yolov8n.pt,0.15,video1/v01_20-16_f00433_t14.57_severe_blur,video1,severe_blur,temporal_fixed,60,1,False,0,,False,0,,still_missed
yolov8n.pt,0.15,video1/v01_20-16_f00433_t14.57_severe_blur,video1,severe_blur,temporal_quality_weighted,56,3,False,0,,False,0,,still_missed
yolov8n.pt,0.15,video1/v01_20-16_f00433_t14.57_severe_blur,video1,severe_blur,temporal_quality_weighted,60,1,False,0,,False,0,,still_missed
yolov8n.pt,0.15,video1/v01_20-16_f00487_t16.39_moderate_blur,video1,moderate_blur,temporal_fixed,56,4,False,0,,False,0,,still_missed
yolov8n.pt,0.15,video1/v01_20-16_f00487_t16.39_moderate_blur,video1,moderate_blur,temporal_fixed,60,1,False,0,,False,0,,still_missed
yolov8n.pt,0.15,video1/v01_20-16_f00487_t16.39_moderate_blur,video1,moderate_blur,temporal_quality_weighted,56,4,False,0,,False,0,,still_missed
yolov8n.pt,0.15,video1/v01_20-16_f00487_t16.39_moderate_blur,video1,moderate_blur,temporal_quality_weighted,60,1,False,0,,False,0,,still_missed
yolov8n.pt,0.15,video1/v01_20-16_f00541_t18.21_severe_blur,video1,severe_blur,temporal_fixed,56,4,False,0,,False,0,,still_missed
yolov8n.pt,0.15,video1/v01_20-16_f00541_t18.21_severe_blur,video1,severe_blur,temporal_fixed,60,1,False,0,,False,0,,still_missed
yolov8n.pt,0.15,video1/v01_20-16_f00541_t18.21_severe_blur,video1,severe_blur,temporal_quality_weighted,56,4,False,0,,False,0,,still_missed
yolov8n.pt,0.15,video1/v01_20-16_f00541_t18.21_severe_blur,video1,severe_blur,temporal_quality_weighted,60,1,False,0,,False,0,,still_missed
yolov8n.pt,0.15,video2/v02_20-18_f00000_t00.00_clear,video2,clear,temporal_fixed,56,4,False,0,,False,0,,still_missed
yolov8n.pt,0.15,video2/v02_20-18_f00000_t00.00_clear,video2,clear,temporal_fixed,60,1,False,0,,False,0,,still_missed
yolov8n.pt,0.15,video2/v02_20-18_f00000_t00.00_clear,video2,clear,temporal_quality_weighted,56,4,False,0,,False,0,,still_missed
yolov8n.pt,0.15,video2/v02_20-18_f00000_t00.00_clear,video2,clear,temporal_quality_weighted,60,1,False,0,,False,0,,still_missed
yolov8n.pt,0.15,video2/v02_20-18_f00037_t01.23_moderate_blur,video2,moderate_blur,temporal_fixed,56,5,False,0,,False,0,,still_missed
yolov8n.pt,0.15,video2/v02_20-18_f00037_t01.23_moderate_blur,video2,moderate_blur,temporal_fixed,60,1,False,0,,False,0,,still_missed
yolov8n.pt,0.15,video2/v02_20-18_f00037_t01.23_moderate_blur,video2,moderate_blur,temporal_quality_weighted,56,5,False,0,,False,0,,still_missed
yolov8n.pt,0.15,video2/v02_20-18_f00037_t01.23_moderate_blur,video2,moderate_blur,temporal_quality_weighted,60,1,False,0,,False,0,,still_missed
yolov8n.pt,0.15,video2/v02_20-18_f00113_t03.77_clear,video2,clear,temporal_fixed,56,1,False,0,,False,0,,still_missed
yolov8n.pt,0.15,video2/v02_20-18_f00113_t03.77_clear,video2,clear,temporal_fixed,60,1,False,0,,False,0,,still_missed
yolov8n.pt,0.15,video2/v02_20-18_f00113_t03.77_clear,video2,clear,temporal_quality_weighted,56,1,False,0,,False,0,,still_missed
yolov8n.pt,0.15,video2/v02_20-18_f00113_t03.77_clear,video2,clear,temporal_quality_weighted,60,1,False,0,,False,0,,still_missed
yolov8n.pt,0.15,video2/v02_20-18_f00151_t05.03_moderate_blur,video2,moderate_blur,temporal_fixed,56,4,False,0,,False,0,,still_missed
yolov8n.pt,0.15,video2/v02_20-18_f00151_t05.03_moderate_blur,video2,moderate_blur,temporal_fixed,60,1,False,0,,False,0,,still_missed
yolov8n.pt,0.15,video2/v02_20-18_f00151_t05.03_moderate_blur,video2,moderate_blur,temporal_quality_weighted,56,4,False,0,,False,0,,still_missed
yolov8n.pt,0.15,video2/v02_20-18_f00151_t05.03_moderate_blur,video2,moderate_blur,temporal_quality_weighted,60,1,False,0,,False,0,,still_missed
yolov8n.pt,0.15,video2/v02_20-18_f00189_t06.30_severe_blur,video2,severe_blur,temporal_fixed,56,2,False,0,,False,0,,still_missed
yolov8n.pt,0.15,video2/v02_20-18_f00189_t06.30_severe_blur,video2,severe_blur,temporal_quality_weighted,56,2,False,0,,False,0,,still_missed
yolov8n.pt,0.15,video2/v02_20-18_f00264_t08.80_moderate_blur,video2,moderate_blur,temporal_fixed,56,2,False,0,,False,0,,still_missed
yolov8n.pt,0.15,video2/v02_20-18_f00264_t08.80_moderate_blur,video2,moderate_blur,temporal_fixed,60,1,False,0,,False,0,,still_missed
yolov8n.pt,0.15,video2/v02_20-18_f00264_t08.80_moderate_blur,video2,moderate_blur,temporal_quality_weighted,56,2,False,0,,False,0,,still_missed
yolov8n.pt,0.15,video2/v02_20-18_f00264_t08.80_moderate_blur,video2,moderate_blur,temporal_quality_weighted,60,1,False,0,,False,0,,still_missed
yolov8n.pt,0.15,video2/v02_20-18_f00340_t11.33_clear,video2,clear,temporal_fixed,56,4,False,0,,False,0,,still_missed
yolov8n.pt,0.15,video2/v02_20-18_f00340_t11.33_clear,video2,clear,temporal_fixed,60,1,False,0,,False,0,,still_missed
yolov8n.pt,0.15,video2/v02_20-18_f00340_t11.33_clear,video2,clear,temporal_quality_weighted,56,4,False,0,,False,0,,still_missed
yolov8n.pt,0.15,video2/v02_20-18_f00340_t11.33_clear,video2,clear,temporal_quality_weighted,60,1,False,0,,False,0,,still_missed
yolov8n.pt,0.15,video2/v02_20-18_f00453_t15.10_severe_blur,video2,severe_blur,temporal_fixed,56,3,False,0,,False,0,,still_missed
yolov8n.pt,0.15,video2/v02_20-18_f00453_t15.10_severe_blur,video2,severe_blur,temporal_fixed,60,1,False,0,,False,0,,still_missed
yolov8n.pt,0.15,video2/v02_20-18_f00453_t15.10_severe_blur,video2,severe_blur,temporal_quality_weighted,56,3,False,0,,False,0,,still_missed
yolov8n.pt,0.15,video2/v02_20-18_f00453_t15.10_severe_blur,video2,severe_blur,temporal_quality_weighted,60,1,False,0,,False,0,,still_missed
yolov8n.pt,0.15,video2/v02_20-18_f00567_t18.90_moderate_blur,video2,moderate_blur,temporal_fixed,56,5,True,1,0.2307,False,0,,lost
yolov8n.pt,0.15,video2/v02_20-18_f00567_t18.90_moderate_blur,video2,moderate_blur,temporal_fixed,60,2,False,0,,False,0,,still_missed
yolov8n.pt,0.15,video2/v02_20-18_f00567_t18.90_moderate_blur,video2,moderate_blur,temporal_quality_weighted,56,5,True,1,0.2307,False,0,,lost
yolov8n.pt,0.15,video2/v02_20-18_f00567_t18.90_moderate_blur,video2,moderate_blur,temporal_quality_weighted,60,2,False,0,,False,0,,still_missed
yolov8n.pt,0.15,video2/v02_20-18_f00680_t22.67_severe_blur,video2,severe_blur,temporal_fixed,56,2,False,0,,False,0,,still_missed
yolov8n.pt,0.15,video2/v02_20-18_f00680_t22.67_severe_blur,video2,severe_blur,temporal_fixed,60,2,False,0,,False,0,,still_missed
yolov8n.pt,0.15,video2/v02_20-18_f00680_t22.67_severe_blur,video2,severe_blur,temporal_quality_weighted,56,2,False,0,,False,0,,still_missed
yolov8n.pt,0.15,video2/v02_20-18_f00680_t22.67_severe_blur,video2,severe_blur,temporal_quality_weighted,60,2,False,0,,False,0,,still_missed
yolov8n.pt,0.15,video2/v02_20-18_f00718_t23.93_clear,video2,clear,temporal_fixed,56,2,False,0,,False,0,,still_missed
yolov8n.pt,0.15,video2/v02_20-18_f00718_t23.93_clear,video2,clear,temporal_quality_weighted,56,2,False,0,,False,0,,still_missed
yolov8n.pt,0.15,video2/v02_20-18_f00794_t26.47_moderate_blur,video2,moderate_blur,temporal_fixed,56,4,False,0,,False,0,,still_missed
yolov8n.pt,0.15,video2/v02_20-18_f00794_t26.47_moderate_blur,video2,moderate_blur,temporal_quality_weighted,56,4,False,0,,False,0,,still_missed
yolov8n.pt,0.15,video3/v03_20-20_f00000_t00.00_clear,video3,clear,temporal_fixed,0,6,True,2,0.8202,True,1,0.7586,lost
yolov8n.pt,0.15,video3/v03_20-20_f00000_t00.00_clear,video3,clear,temporal_fixed,24,1,False,0,,False,0,,still_missed
yolov8n.pt,0.15,video3/v03_20-20_f00000_t00.00_clear,video3,clear,temporal_fixed,56,1,False,0,,False,0,,still_missed
yolov8n.pt,0.15,video3/v03_20-20_f00000_t00.00_clear,video3,clear,temporal_fixed,39,1,False,0,,False,0,,still_missed
yolov8n.pt,0.15,video3/v03_20-20_f00000_t00.00_clear,video3,clear,temporal_quality_weighted,0,6,True,2,0.8202,True,1,0.7313,lost
yolov8n.pt,0.15,video3/v03_20-20_f00000_t00.00_clear,video3,clear,temporal_quality_weighted,24,1,False,0,,False,0,,still_missed
yolov8n.pt,0.15,video3/v03_20-20_f00000_t00.00_clear,video3,clear,temporal_quality_weighted,56,1,False,0,,False,0,,still_missed
yolov8n.pt,0.15,video3/v03_20-20_f00000_t00.00_clear,video3,clear,temporal_quality_weighted,39,1,False,0,,False,0,,still_missed
yolov8n.pt,0.15,video3/v03_20-20_f00016_t00.53_clear,video3,clear,temporal_fixed,56,6,False,0,,False,0,,still_missed
yolov8n.pt,0.15,video3/v03_20-20_f00016_t00.53_clear,video3,clear,temporal_fixed,39,1,False,0,,False,0,,still_missed
yolov8n.pt,0.15,video3/v03_20-20_f00016_t00.53_clear,video3,clear,temporal_quality_weighted,56,6,False,0,,False,0,,still_missed
yolov8n.pt,0.15,video3/v03_20-20_f00016_t00.53_clear,video3,clear,temporal_quality_weighted,39,1,False,0,,False,0,,still_missed
yolov8n.pt,0.15,video3/v03_20-20_f00048_t01.60_moderate_blur,video3,moderate_blur,temporal_fixed,24,1,False,0,,False,0,,still_missed
yolov8n.pt,0.15,video3/v03_20-20_f00048_t01.60_moderate_blur,video3,moderate_blur,temporal_fixed,0,2,False,0,,False,0,,still_missed
yolov8n.pt,0.15,video3/v03_20-20_f00048_t01.60_moderate_blur,video3,moderate_blur,temporal_fixed,56,2,False,0,,False,0,,still_missed
yolov8n.pt,0.15,video3/v03_20-20_f00048_t01.60_moderate_blur,video3,moderate_blur,temporal_fixed,39,1,False,0,,False,0,,still_missed
yolov8n.pt,0.15,video3/v03_20-20_f00048_t01.60_moderate_blur,video3,moderate_blur,temporal_quality_weighted,24,1,False,0,,False,0,,still_missed
yolov8n.pt,0.15,video3/v03_20-20_f00048_t01.60_moderate_blur,video3,moderate_blur,temporal_quality_weighted,0,2,False,0,,False,0,,still_missed
yolov8n.pt,0.15,video3/v03_20-20_f00048_t01.60_moderate_blur,video3,moderate_blur,temporal_quality_weighted,56,2,False,0,,False,0,,still_missed
yolov8n.pt,0.15,video3/v03_20-20_f00048_t01.60_moderate_blur,video3,moderate_blur,temporal_quality_weighted,39,1,False,0,,False,0,,still_missed
yolov8n.pt,0.15,video3/v03_20-20_f00064_t02.13_clear,video3,clear,temporal_fixed,24,1,False,0,,False,0,,still_missed
yolov8n.pt,0.15,video3/v03_20-20_f00064_t02.13_clear,video3,clear,temporal_fixed,0,2,False,0,,False,0,,still_missed
yolov8n.pt,0.15,video3/v03_20-20_f00064_t02.13_clear,video3,clear,temporal_fixed,56,3,False,0,,False,0,,still_missed
yolov8n.pt,0.15,video3/v03_20-20_f00064_t02.13_clear,video3,clear,temporal_fixed,60,1,False,0,,False,0,,still_missed
yolov8n.pt,0.15,video3/v03_20-20_f00064_t02.13_clear,video3,clear,temporal_quality_weighted,24,1,False,0,,False,0,,still_missed
yolov8n.pt,0.15,video3/v03_20-20_f00064_t02.13_clear,video3,clear,temporal_quality_weighted,0,2,False,0,,False,0,,still_missed
yolov8n.pt,0.15,video3/v03_20-20_f00064_t02.13_clear,video3,clear,temporal_quality_weighted,56,3,False,0,,False,0,,still_missed
yolov8n.pt,0.15,video3/v03_20-20_f00064_t02.13_clear,video3,clear,temporal_quality_weighted,60,1,False,0,,False,0,,still_missed
yolov8n.pt,0.15,video3/v03_20-20_f00080_t02.67_moderate_blur,video3,moderate_blur,temporal_fixed,24,1,False,0,,False,0,,still_missed
yolov8n.pt,0.15,video3/v03_20-20_f00080_t02.67_moderate_blur,video3,moderate_blur,temporal_fixed,0,2,False,0,,False,0,,still_missed
yolov8n.pt,0.15,video3/v03_20-20_f00080_t02.67_moderate_blur,video3,moderate_blur,temporal_fixed,56,2,False,0,,False,0,,still_missed
yolov8n.pt,0.15,video3/v03_20-20_f00080_t02.67_moderate_blur,video3,moderate_blur,temporal_fixed,60,1,False,0,,False,0,,still_missed
yolov8n.pt,0.15,video3/v03_20-20_f00080_t02.67_moderate_blur,video3,moderate_blur,temporal_quality_weighted,24,1,False,0,,False,0,,still_missed
yolov8n.pt,0.15,video3/v03_20-20_f00080_t02.67_moderate_blur,video3,moderate_blur,temporal_quality_weighted,0,2,False,0,,False,0,,still_missed
yolov8n.pt,0.15,video3/v03_20-20_f00080_t02.67_moderate_blur,video3,moderate_blur,temporal_quality_weighted,56,2,False,0,,False,0,,still_missed
yolov8n.pt,0.15,video3/v03_20-20_f00080_t02.67_moderate_blur,video3,moderate_blur,temporal_quality_weighted,60,1,False,0,,False,0,,still_missed
yolov8n.pt,0.15,video3/v03_20-20_f00097_t03.23_clear,video3,clear,temporal_fixed,0,3,True,2,0.6757,True,1,0.5014,lost
yolov8n.pt,0.15,video3/v03_20-20_f00097_t03.23_clear,video3,clear,temporal_fixed,24,1,False,0,,False,0,,still_missed
yolov8n.pt,0.15,video3/v03_20-20_f00097_t03.23_clear,video3,clear,temporal_fixed,56,1,False,0,,False,0,,still_missed
yolov8n.pt,0.15,video3/v03_20-20_f00097_t03.23_clear,video3,clear,temporal_fixed,39,1,False,0,,False,0,,still_missed
yolov8n.pt,0.15,video3/v03_20-20_f00097_t03.23_clear,video3,clear,temporal_quality_weighted,0,3,True,2,0.6757,True,1,0.4119,lost
yolov8n.pt,0.15,video3/v03_20-20_f00097_t03.23_clear,video3,clear,temporal_quality_weighted,24,1,False,0,,False,0,,still_missed
yolov8n.pt,0.15,video3/v03_20-20_f00097_t03.23_clear,video3,clear,temporal_quality_weighted,56,1,False,0,,False,0,,still_missed
yolov8n.pt,0.15,video3/v03_20-20_f00097_t03.23_clear,video3,clear,temporal_quality_weighted,39,1,False,0,,False,0,,still_missed
yolov8n.pt,0.15,video3/v03_20-20_f00113_t03.77_severe_blur,video3,severe_blur,temporal_fixed,0,2,False,0,,False,0,,still_missed
yolov8n.pt,0.15,video3/v03_20-20_f00113_t03.77_severe_blur,video3,severe_blur,temporal_fixed,24,1,False,0,,False,0,,still_missed
yolov8n.pt,0.15,video3/v03_20-20_f00113_t03.77_severe_blur,video3,severe_blur,temporal_fixed,56,2,False,0,,False,0,,still_missed
yolov8n.pt,0.15,video3/v03_20-20_f00113_t03.77_severe_blur,video3,severe_blur,temporal_fixed,39,1,False,0,,False,0,,still_missed
yolov8n.pt,0.15,video3/v03_20-20_f00113_t03.77_severe_blur,video3,severe_blur,temporal_quality_weighted,0,2,False,0,,False,0,,still_missed
yolov8n.pt,0.15,video3/v03_20-20_f00113_t03.77_severe_blur,video3,severe_blur,temporal_quality_weighted,24,1,False,0,,False,0,,still_missed
yolov8n.pt,0.15,video3/v03_20-20_f00113_t03.77_severe_blur,video3,severe_blur,temporal_quality_weighted,56,2,False,0,,False,0,,still_missed
yolov8n.pt,0.15,video3/v03_20-20_f00113_t03.77_severe_blur,video3,severe_blur,temporal_quality_weighted,39,1,False,0,,False,0,,still_missed
yolov8n.pt,0.15,video3/v03_20-20_f00145_t04.83_moderate_blur,video3,moderate_blur,temporal_fixed,0,2,False,0,,False,0,,still_missed
yolov8n.pt,0.15,video3/v03_20-20_f00145_t04.83_moderate_blur,video3,moderate_blur,temporal_fixed,24,1,False,0,,False,0,,still_missed
yolov8n.pt,0.15,video3/v03_20-20_f00145_t04.83_moderate_blur,video3,moderate_blur,temporal_fixed,56,2,False,0,,False,0,,still_missed
yolov8n.pt,0.15,video3/v03_20-20_f00145_t04.83_moderate_blur,video3,moderate_blur,temporal_quality_weighted,0,2,False,0,,False,0,,still_missed
yolov8n.pt,0.15,video3/v03_20-20_f00145_t04.83_moderate_blur,video3,moderate_blur,temporal_quality_weighted,24,1,False,0,,False,0,,still_missed
yolov8n.pt,0.15,video3/v03_20-20_f00145_t04.83_moderate_blur,video3,moderate_blur,temporal_quality_weighted,56,2,False,0,,False,0,,still_missed
yolov8n.pt,0.15,video3/v03_20-20_f00161_t05.37_moderate_blur,video3,moderate_blur,temporal_fixed,24,1,False,0,,False,0,,still_missed
yolov8n.pt,0.15,video3/v03_20-20_f00161_t05.37_moderate_blur,video3,moderate_blur,temporal_fixed,56,1,False,0,,False,0,,still_missed
yolov8n.pt,0.15,video3/v03_20-20_f00161_t05.37_moderate_blur,video3,moderate_blur,temporal_fixed,60,1,False,0,,False,0,,still_missed
yolov8n.pt,0.15,video3/v03_20-20_f00161_t05.37_moderate_blur,video3,moderate_blur,temporal_quality_weighted,24,1,False,0,,False,0,,still_missed
yolov8n.pt,0.15,video3/v03_20-20_f00161_t05.37_moderate_blur,video3,moderate_blur,temporal_quality_weighted,56,1,False,0,,False,0,,still_missed
yolov8n.pt,0.15,video3/v03_20-20_f00161_t05.37_moderate_blur,video3,moderate_blur,temporal_quality_weighted,60,1,False,0,,False,0,,still_missed
yolov8n.pt,0.15,video3/v03_20-20_f00177_t05.90_moderate_blur,video3,moderate_blur,temporal_fixed,0,2,False,0,,False,0,,still_missed
yolov8n.pt,0.15,video3/v03_20-20_f00177_t05.90_moderate_blur,video3,moderate_blur,temporal_fixed,56,1,False,0,,False,0,,still_missed
yolov8n.pt,0.15,video3/v03_20-20_f00177_t05.90_moderate_blur,video3,moderate_blur,temporal_quality_weighted,0,2,False,0,,False,0,,still_missed
yolov8n.pt,0.15,video3/v03_20-20_f00177_t05.90_moderate_blur,video3,moderate_blur,temporal_quality_weighted,56,1,False,0,,False,0,,still_missed
yolov8n.pt,0.15,video3/v03_20-20_f00210_t07.00_severe_blur,video3,severe_blur,temporal_fixed,0,1,False,0,,False,0,,still_missed
yolov8n.pt,0.15,video3/v03_20-20_f00210_t07.00_severe_blur,video3,severe_blur,temporal_fixed,56,3,False,0,,False,0,,still_missed
yolov8n.pt,0.15,video3/v03_20-20_f00210_t07.00_severe_blur,video3,severe_blur,temporal_fixed,60,1,False,0,,False,0,,still_missed
yolov8n.pt,0.15,video3/v03_20-20_f00210_t07.00_severe_blur,video3,severe_blur,temporal_quality_weighted,0,1,False,0,,False,0,,still_missed
yolov8n.pt,0.15,video3/v03_20-20_f00210_t07.00_severe_blur,video3,severe_blur,temporal_quality_weighted,56,3,False,0,,False,0,,still_missed
yolov8n.pt,0.15,video3/v03_20-20_f00210_t07.00_severe_blur,video3,severe_blur,temporal_quality_weighted,60,1,False,0,,False,0,,still_missed
yolov8n.pt,0.15,video3/v03_20-20_f00242_t08.07_severe_blur,video3,severe_blur,temporal_fixed,24,1,False,0,,False,0,,still_missed
yolov8n.pt,0.15,video3/v03_20-20_f00242_t08.07_severe_blur,video3,severe_blur,temporal_quality_weighted,24,1,False,0,,False,0,,still_missed
yolov8n.pt,0.15,video4/v04_20-21_f00000_t00.00_clear,video4,clear,temporal_fixed,0,2,True,2,0.8125,True,2,0.7892,no_change
yolov8n.pt,0.15,video4/v04_20-21_f00000_t00.00_clear,video4,clear,temporal_fixed,24,1,False,0,,False,0,,still_missed
yolov8n.pt,0.15,video4/v04_20-21_f00000_t00.00_clear,video4,clear,temporal_fixed,56,4,False,0,,True,1,0.2577,rescued
yolov8n.pt,0.15,video4/v04_20-21_f00000_t00.00_clear,video4,clear,temporal_fixed,39,1,False,0,,False,0,,still_missed
yolov8n.pt,0.15,video4/v04_20-21_f00000_t00.00_clear,video4,clear,temporal_quality_weighted,0,2,True,2,0.8125,True,2,0.7848,no_change
yolov8n.pt,0.15,video4/v04_20-21_f00000_t00.00_clear,video4,clear,temporal_quality_weighted,24,1,False,0,,False,0,,still_missed
yolov8n.pt,0.15,video4/v04_20-21_f00000_t00.00_clear,video4,clear,temporal_quality_weighted,56,4,False,0,,True,1,0.3139,rescued
yolov8n.pt,0.15,video4/v04_20-21_f00000_t00.00_clear,video4,clear,temporal_quality_weighted,39,1,False,0,,False,0,,still_missed
yolov8n.pt,0.15,video4/v04_20-21_f00038_t01.27_clear,video4,clear,temporal_fixed,0,2,True,2,0.8585,True,2,0.7147,confidence_degraded
yolov8n.pt,0.15,video4/v04_20-21_f00038_t01.27_clear,video4,clear,temporal_fixed,24,2,False,0,,False,0,,still_missed
yolov8n.pt,0.15,video4/v04_20-21_f00038_t01.27_clear,video4,clear,temporal_fixed,56,3,False,0,,False,0,,still_missed
yolov8n.pt,0.15,video4/v04_20-21_f00038_t01.27_clear,video4,clear,temporal_fixed,39,1,False,0,,False,0,,still_missed
yolov8n.pt,0.15,video4/v04_20-21_f00038_t01.27_clear,video4,clear,temporal_quality_weighted,0,2,True,2,0.8585,True,2,0.5422,confidence_degraded
yolov8n.pt,0.15,video4/v04_20-21_f00038_t01.27_clear,video4,clear,temporal_quality_weighted,24,2,False,0,,False,0,,still_missed
yolov8n.pt,0.15,video4/v04_20-21_f00038_t01.27_clear,video4,clear,temporal_quality_weighted,56,3,False,0,,False,0,,still_missed
yolov8n.pt,0.15,video4/v04_20-21_f00038_t01.27_clear,video4,clear,temporal_quality_weighted,39,1,False,0,,False,0,,still_missed
yolov8n.pt,0.15,video4/v04_20-21_f00076_t02.53_clear,video4,clear,temporal_fixed,0,2,True,1,0.8806,True,1,0.8745,no_change
yolov8n.pt,0.15,video4/v04_20-21_f00076_t02.53_clear,video4,clear,temporal_fixed,24,1,False,0,,False,0,,still_missed
yolov8n.pt,0.15,video4/v04_20-21_f00076_t02.53_clear,video4,clear,temporal_fixed,56,7,False,0,,False,0,,still_missed
yolov8n.pt,0.15,video4/v04_20-21_f00076_t02.53_clear,video4,clear,temporal_quality_weighted,0,2,True,1,0.8806,True,1,0.8737,no_change
yolov8n.pt,0.15,video4/v04_20-21_f00076_t02.53_clear,video4,clear,temporal_quality_weighted,24,1,False,0,,False,0,,still_missed
yolov8n.pt,0.15,video4/v04_20-21_f00076_t02.53_clear,video4,clear,temporal_quality_weighted,56,7,False,0,,False,0,,still_missed
yolov8n.pt,0.15,video4/v04_20-21_f00114_t03.80_moderate_blur,video4,moderate_blur,temporal_fixed,0,3,True,1,0.8419,True,1,0.8429,no_change
yolov8n.pt,0.15,video4/v04_20-21_f00114_t03.80_moderate_blur,video4,moderate_blur,temporal_fixed,16,1,False,0,,False,0,,still_missed
yolov8n.pt,0.15,video4/v04_20-21_f00114_t03.80_moderate_blur,video4,moderate_blur,temporal_fixed,56,3,True,1,0.4391,True,1,0.3418,confidence_degraded
yolov8n.pt,0.15,video4/v04_20-21_f00114_t03.80_moderate_blur,video4,moderate_blur,temporal_fixed,24,1,False,0,,False,0,,still_missed
yolov8n.pt,0.15,video4/v04_20-21_f00114_t03.80_moderate_blur,video4,moderate_blur,temporal_quality_weighted,0,3,True,1,0.8419,True,1,0.8454,no_change
yolov8n.pt,0.15,video4/v04_20-21_f00114_t03.80_moderate_blur,video4,moderate_blur,temporal_quality_weighted,16,1,False,0,,False,0,,still_missed
yolov8n.pt,0.15,video4/v04_20-21_f00114_t03.80_moderate_blur,video4,moderate_blur,temporal_quality_weighted,56,3,True,1,0.4391,True,1,0.3203,confidence_degraded
yolov8n.pt,0.15,video4/v04_20-21_f00114_t03.80_moderate_blur,video4,moderate_blur,temporal_quality_weighted,24,1,False,0,,False,0,,still_missed
yolov8n.pt,0.15,video4/v04_20-21_f00152_t05.07_moderate_blur,video4,moderate_blur,temporal_fixed,0,1,False,0,,False,0,,still_missed
yolov8n.pt,0.15,video4/v04_20-21_f00152_t05.07_moderate_blur,video4,moderate_blur,temporal_fixed,24,1,False,0,,False,0,,still_missed
yolov8n.pt,0.15,video4/v04_20-21_f00152_t05.07_moderate_blur,video4,moderate_blur,temporal_fixed,56,3,False,0,,False,0,,still_missed
yolov8n.pt,0.15,video4/v04_20-21_f00152_t05.07_moderate_blur,video4,moderate_blur,temporal_fixed,39,1,False,0,,False,0,,still_missed
yolov8n.pt,0.15,video4/v04_20-21_f00152_t05.07_moderate_blur,video4,moderate_blur,temporal_quality_weighted,0,1,False,0,,False,0,,still_missed
yolov8n.pt,0.15,video4/v04_20-21_f00152_t05.07_moderate_blur,video4,moderate_blur,temporal_quality_weighted,24,1,False,0,,False,0,,still_missed
yolov8n.pt,0.15,video4/v04_20-21_f00152_t05.07_moderate_blur,video4,moderate_blur,temporal_quality_weighted,56,3,False,0,,False,0,,still_missed
yolov8n.pt,0.15,video4/v04_20-21_f00152_t05.07_moderate_blur,video4,moderate_blur,temporal_quality_weighted,39,1,False,0,,False,0,,still_missed
yolov8n.pt,0.15,video4/v04_20-21_f00190_t06.33_moderate_blur,video4,moderate_blur,temporal_fixed,0,2,False,0,,False,0,,still_missed
yolov8n.pt,0.15,video4/v04_20-21_f00190_t06.33_moderate_blur,video4,moderate_blur,temporal_fixed,56,1,False,0,,False,0,,still_missed
yolov8n.pt,0.15,video4/v04_20-21_f00190_t06.33_moderate_blur,video4,moderate_blur,temporal_quality_weighted,0,2,False,0,,False,0,,still_missed
yolov8n.pt,0.15,video4/v04_20-21_f00190_t06.33_moderate_blur,video4,moderate_blur,temporal_quality_weighted,56,1,False,0,,False,0,,still_missed
yolov8n.pt,0.15,video4/v04_20-21_f00228_t07.60_severe_blur,video4,severe_blur,temporal_fixed,0,3,False,0,,False,0,,still_missed
yolov8n.pt,0.15,video4/v04_20-21_f00228_t07.60_severe_blur,video4,severe_blur,temporal_fixed,24,1,False,0,,False,0,,still_missed
yolov8n.pt,0.15,video4/v04_20-21_f00228_t07.60_severe_blur,video4,severe_blur,temporal_quality_weighted,0,3,False,0,,False,0,,still_missed
yolov8n.pt,0.15,video4/v04_20-21_f00228_t07.60_severe_blur,video4,severe_blur,temporal_quality_weighted,24,1,False,0,,False,0,,still_missed
yolov8n.pt,0.15,video4/v04_20-21_f00266_t08.87_clear,video4,clear,temporal_fixed,0,1,True,1,0.4501,True,1,0.6714,confidence_improved
yolov8n.pt,0.15,video4/v04_20-21_f00266_t08.87_clear,video4,clear,temporal_fixed,24,1,False,0,,False,0,,still_missed
yolov8n.pt,0.15,video4/v04_20-21_f00266_t08.87_clear,video4,clear,temporal_fixed,56,2,False,0,,False,0,,still_missed
yolov8n.pt,0.15,video4/v04_20-21_f00266_t08.87_clear,video4,clear,temporal_fixed,39,1,False,0,,False,0,,still_missed
yolov8n.pt,0.15,video4/v04_20-21_f00266_t08.87_clear,video4,clear,temporal_quality_weighted,0,1,True,1,0.4501,True,1,0.6373,confidence_improved
yolov8n.pt,0.15,video4/v04_20-21_f00266_t08.87_clear,video4,clear,temporal_quality_weighted,24,1,False,0,,False,0,,still_missed
yolov8n.pt,0.15,video4/v04_20-21_f00266_t08.87_clear,video4,clear,temporal_quality_weighted,56,2,False,0,,False,0,,still_missed
yolov8n.pt,0.15,video4/v04_20-21_f00266_t08.87_clear,video4,clear,temporal_quality_weighted,39,1,False,0,,False,0,,still_missed
yolov8n.pt,0.15,video4/v04_20-21_f00304_t10.13_severe_blur,video4,severe_blur,temporal_fixed,24,1,False,0,,False,0,,still_missed
yolov8n.pt,0.15,video4/v04_20-21_f00304_t10.13_severe_blur,video4,severe_blur,temporal_fixed,0,1,False,0,,False,0,,still_missed
yolov8n.pt,0.15,video4/v04_20-21_f00304_t10.13_severe_blur,video4,severe_blur,temporal_fixed,56,2,False,0,,False,0,,still_missed
yolov8n.pt,0.15,video4/v04_20-21_f00304_t10.13_severe_blur,video4,severe_blur,temporal_fixed,60,1,False,0,,False,0,,still_missed
yolov8n.pt,0.15,video4/v04_20-21_f00304_t10.13_severe_blur,video4,severe_blur,temporal_quality_weighted,24,1,False,0,,False,0,,still_missed
yolov8n.pt,0.15,video4/v04_20-21_f00304_t10.13_severe_blur,video4,severe_blur,temporal_quality_weighted,0,1,False,0,,False,0,,still_missed
yolov8n.pt,0.15,video4/v04_20-21_f00304_t10.13_severe_blur,video4,severe_blur,temporal_quality_weighted,56,2,False,0,,False,0,,still_missed
yolov8n.pt,0.15,video4/v04_20-21_f00304_t10.13_severe_blur,video4,severe_blur,temporal_quality_weighted,60,1,False,0,,False,0,,still_missed
yolov8n.pt,0.15,video4/v04_20-21_f00342_t11.40_severe_blur,video4,severe_blur,temporal_fixed,0,3,True,1,0.4117,True,1,0.218,confidence_degraded
yolov8n.pt,0.15,video4/v04_20-21_f00342_t11.40_severe_blur,video4,severe_blur,temporal_fixed,24,1,False,0,,False,0,,still_missed
yolov8n.pt,0.15,video4/v04_20-21_f00342_t11.40_severe_blur,video4,severe_blur,temporal_fixed,56,3,False,0,,False,0,,still_missed
yolov8n.pt,0.15,video4/v04_20-21_f00342_t11.40_severe_blur,video4,severe_blur,temporal_quality_weighted,0,3,True,1,0.4117,False,0,,lost
yolov8n.pt,0.15,video4/v04_20-21_f00342_t11.40_severe_blur,video4,severe_blur,temporal_quality_weighted,24,1,False,0,,False,0,,still_missed
yolov8n.pt,0.15,video4/v04_20-21_f00342_t11.40_severe_blur,video4,severe_blur,temporal_quality_weighted,56,3,False,0,,False,0,,still_missed
yolov8n.pt,0.15,video4/v04_20-21_f00380_t12.67_moderate_blur,video4,moderate_blur,temporal_fixed,0,1,True,1,0.3336,True,1,0.3493,no_change
yolov8n.pt,0.15,video4/v04_20-21_f00380_t12.67_moderate_blur,video4,moderate_blur,temporal_fixed,24,1,False,0,,False,0,,still_missed
yolov8n.pt,0.15,video4/v04_20-21_f00380_t12.67_moderate_blur,video4,moderate_blur,temporal_fixed,39,1,True,1,0.2027,True,1,0.2352,no_change
yolov8n.pt,0.15,video4/v04_20-21_f00380_t12.67_moderate_blur,video4,moderate_blur,temporal_quality_weighted,0,1,True,1,0.3336,True,1,0.3648,no_change
yolov8n.pt,0.15,video4/v04_20-21_f00380_t12.67_moderate_blur,video4,moderate_blur,temporal_quality_weighted,24,1,False,0,,False,0,,still_missed
yolov8n.pt,0.15,video4/v04_20-21_f00380_t12.67_moderate_blur,video4,moderate_blur,temporal_quality_weighted,39,1,True,1,0.2027,True,1,0.2354,no_change
yolov8n.pt,0.15,video4/v04_20-21_f00418_t13.93_moderate_blur,video4,moderate_blur,temporal_fixed,0,1,True,1,0.879,True,1,0.8893,no_change
yolov8n.pt,0.15,video4/v04_20-21_f00418_t13.93_moderate_blur,video4,moderate_blur,temporal_fixed,24,1,False,0,,False,0,,still_missed
yolov8n.pt,0.15,video4/v04_20-21_f00418_t13.93_moderate_blur,video4,moderate_blur,temporal_fixed,56,7,True,1,0.4586,True,1,0.1843,confidence_degraded
yolov8n.pt,0.15,video4/v04_20-21_f00418_t13.93_moderate_blur,video4,moderate_blur,temporal_quality_weighted,0,1,True,1,0.879,True,1,0.8843,no_change
yolov8n.pt,0.15,video4/v04_20-21_f00418_t13.93_moderate_blur,video4,moderate_blur,temporal_quality_weighted,24,1,False,0,,False,0,,still_missed
yolov8n.pt,0.15,video4/v04_20-21_f00418_t13.93_moderate_blur,video4,moderate_blur,temporal_quality_weighted,56,7,True,1,0.4586,True,1,0.1832,confidence_degraded
yolov8n.pt,0.15,video5/v05_20-23_f00000_t00.00_clear,video5,clear,temporal_fixed,57,1,False,0,,False,0,,still_missed
yolov8n.pt,0.15,video5/v05_20-23_f00000_t00.00_clear,video5,clear,temporal_quality_weighted,57,1,False,0,,False,0,,still_missed
yolov8n.pt,0.15,video5/v05_20-23_f00022_t00.73_clear,video5,clear,temporal_fixed,56,1,False,0,,False,0,,still_missed
yolov8n.pt,0.15,video5/v05_20-23_f00022_t00.73_clear,video5,clear,temporal_fixed,57,1,False,0,,False,0,,still_missed
yolov8n.pt,0.15,video5/v05_20-23_f00022_t00.73_clear,video5,clear,temporal_quality_weighted,56,1,False,0,,False,0,,still_missed
yolov8n.pt,0.15,video5/v05_20-23_f00022_t00.73_clear,video5,clear,temporal_quality_weighted,57,1,False,0,,False,0,,still_missed
yolov8n.pt,0.15,video5/v05_20-23_f00068_t02.27_moderate_blur,video5,moderate_blur,temporal_fixed,57,1,False,0,,False,0,,still_missed
yolov8n.pt,0.15,video5/v05_20-23_f00068_t02.27_moderate_blur,video5,moderate_blur,temporal_quality_weighted,57,1,False,0,,False,0,,still_missed
yolov8n.pt,0.15,video5/v05_20-23_f00136_t04.53_moderate_blur,video5,moderate_blur,temporal_fixed,57,1,False,0,,False,0,,still_missed
yolov8n.pt,0.15,video5/v05_20-23_f00136_t04.53_moderate_blur,video5,moderate_blur,temporal_quality_weighted,57,1,False,0,,False,0,,still_missed
yolov8n.pt,0.15,video5/v05_20-23_f00181_t06.03_moderate_blur,video5,moderate_blur,temporal_fixed,56,2,False,0,,False,0,,still_missed
yolov8n.pt,0.15,video5/v05_20-23_f00181_t06.03_moderate_blur,video5,moderate_blur,temporal_quality_weighted,56,2,False,0,,False,0,,still_missed
yolov8n.pt,0.15,video5/v05_20-23_f00204_t06.80_clear,video5,clear,temporal_fixed,56,1,False,0,,False,0,,still_missed
yolov8n.pt,0.15,video5/v05_20-23_f00204_t06.80_clear,video5,clear,temporal_quality_weighted,56,1,False,0,,False,0,,still_missed
yolov8n.pt,0.15,video5/v05_20-23_f00250_t08.33_moderate_blur,video5,moderate_blur,temporal_fixed,56,2,False,0,,False,0,,still_missed
yolov8n.pt,0.15,video5/v05_20-23_f00250_t08.33_moderate_blur,video5,moderate_blur,temporal_quality_weighted,56,2,False,0,,False,0,,still_missed
yolov8n.pt,0.15,video5/v05_20-23_f00295_t09.83_clear,video5,clear,temporal_fixed,57,1,False,0,,False,0,,still_missed
yolov8n.pt,0.15,video5/v05_20-23_f00295_t09.83_clear,video5,clear,temporal_quality_weighted,57,1,False,0,,False,0,,still_missed
yolov8n.pt,0.15,video5/v05_20-23_f00318_t10.60_moderate_blur,video5,moderate_blur,temporal_fixed,56,3,False,0,,False,0,,still_missed
yolov8n.pt,0.15,video5/v05_20-23_f00318_t10.60_moderate_blur,video5,moderate_blur,temporal_quality_weighted,56,3,False,0,,False,0,,still_missed
yolov8n.pt,0.15,video5/v05_20-23_f00386_t12.87_severe_blur,video5,severe_blur,temporal_fixed,56,1,False,0,,False,0,,still_missed
yolov8n.pt,0.15,video5/v05_20-23_f00386_t12.87_severe_blur,video5,severe_blur,temporal_quality_weighted,56,1,False,0,,False,0,,still_missed
yolov8n.pt,0.15,video6/v06_20-24_f00000_t00.00_clear,video6,clear,temporal_fixed,0,2,False,0,,True,1,0.1597,rescued
yolov8n.pt,0.15,video6/v06_20-24_f00000_t00.00_clear,video6,clear,temporal_fixed,57,1,False,0,,False,0,,still_missed
yolov8n.pt,0.15,video6/v06_20-24_f00000_t00.00_clear,video6,clear,temporal_fixed,56,1,False,0,,False,0,,still_missed
yolov8n.pt,0.15,video6/v06_20-24_f00000_t00.00_clear,video6,clear,temporal_quality_weighted,0,2,False,0,,False,0,,still_missed
yolov8n.pt,0.15,video6/v06_20-24_f00000_t00.00_clear,video6,clear,temporal_quality_weighted,57,1,False,0,,False,0,,still_missed
yolov8n.pt,0.15,video6/v06_20-24_f00000_t00.00_clear,video6,clear,temporal_quality_weighted,56,1,False,0,,False,0,,still_missed
yolov8n.pt,0.15,video6/v06_20-24_f00030_t01.00_clear,video6,clear,temporal_fixed,0,2,False,0,,False,0,,still_missed
yolov8n.pt,0.15,video6/v06_20-24_f00030_t01.00_clear,video6,clear,temporal_quality_weighted,0,2,False,0,,False,0,,still_missed
yolov8n.pt,0.15,video6/v06_20-24_f00123_t04.10_moderate_blur,video6,moderate_blur,temporal_fixed,0,2,False,0,,False,0,,still_missed
yolov8n.pt,0.15,video6/v06_20-24_f00123_t04.10_moderate_blur,video6,moderate_blur,temporal_quality_weighted,0,2,False,0,,True,1,0.3073,rescued
yolov8n.pt,0.15,video6/v06_20-24_f00154_t05.13_moderate_blur,video6,moderate_blur,temporal_fixed,0,4,False,0,,False,0,,still_missed
yolov8n.pt,0.15,video6/v06_20-24_f00154_t05.13_moderate_blur,video6,moderate_blur,temporal_quality_weighted,0,4,False,0,,False,0,,still_missed
yolov8n.pt,0.15,video6/v06_20-24_f00184_t06.13_severe_blur,video6,severe_blur,temporal_fixed,0,1,False,0,,False,0,,still_missed
yolov8n.pt,0.15,video6/v06_20-24_f00184_t06.13_severe_blur,video6,severe_blur,temporal_quality_weighted,0,1,False,0,,False,0,,still_missed
yolov8n.pt,0.15,video6/v06_20-24_f00215_t07.17_severe_blur,video6,severe_blur,temporal_fixed,0,5,False,0,,False,0,,still_missed
yolov8n.pt,0.15,video6/v06_20-24_f00215_t07.17_severe_blur,video6,severe_blur,temporal_quality_weighted,0,5,False,0,,False,0,,still_missed
yolov8n.pt,0.15,video6/v06_20-24_f00277_t09.23_moderate_blur,video6,moderate_blur,temporal_fixed,56,7,False,0,,False,0,,still_missed
yolov8n.pt,0.15,video6/v06_20-24_f00277_t09.23_moderate_blur,video6,moderate_blur,temporal_quality_weighted,56,7,False,0,,False,0,,still_missed
yolov8n.pt,0.15,video6/v06_20-24_f00431_t14.37_moderate_blur,video6,moderate_blur,temporal_fixed,56,1,False,0,,False,0,,still_missed
yolov8n.pt,0.15,video6/v06_20-24_f00431_t14.37_moderate_blur,video6,moderate_blur,temporal_fixed,0,1,False,0,,False,0,,still_missed
yolov8n.pt,0.15,video6/v06_20-24_f00431_t14.37_moderate_blur,video6,moderate_blur,temporal_quality_weighted,56,1,False,0,,False,0,,still_missed
yolov8n.pt,0.15,video6/v06_20-24_f00431_t14.37_moderate_blur,video6,moderate_blur,temporal_quality_weighted,0,1,False,0,,False,0,,still_missed
yolov8n.pt,0.15,video6/v06_20-24_f00493_t16.43_severe_blur,video6,severe_blur,temporal_fixed,56,2,False,0,,False,0,,still_missed
yolov8n.pt,0.15,video6/v06_20-24_f00493_t16.43_severe_blur,video6,severe_blur,temporal_fixed,0,1,False,0,,False,0,,still_missed
yolov8n.pt,0.15,video6/v06_20-24_f00493_t16.43_severe_blur,video6,severe_blur,temporal_quality_weighted,56,2,False,0,,False,0,,still_missed
yolov8n.pt,0.15,video6/v06_20-24_f00493_t16.43_severe_blur,video6,severe_blur,temporal_quality_weighted,0,1,False,0,,False,0,,still_missed
yolov8n.pt,0.15,video6/v06_20-24_f00616_t20.53_moderate_blur,video6,moderate_blur,temporal_fixed,0,2,False,0,,False,0,,still_missed
yolov8n.pt,0.15,video6/v06_20-24_f00616_t20.53_moderate_blur,video6,moderate_blur,temporal_quality_weighted,0,2,False,0,,False,0,,still_missed
yolov8n.pt,0.15,video6/v06_20-24_f00647_t21.57_clear,video6,clear,temporal_fixed,56,2,False,0,,False,0,,still_missed
yolov8n.pt,0.15,video6/v06_20-24_f00647_t21.57_clear,video6,clear,temporal_quality_weighted,56,2,False,0,,False,0,,still_missed
yolov8n.pt,0.15,video7/v07_20-25_f00000_t00.00_clear,video7,clear,temporal_fixed,60,1,False,0,,False,0,,still_missed
yolov8n.pt,0.15,video7/v07_20-25_f00000_t00.00_clear,video7,clear,temporal_quality_weighted,60,1,False,0,,False,0,,still_missed
yolov8n.pt,0.15,video7/v07_20-25_f00014_t00.47_moderate_blur,video7,moderate_blur,temporal_fixed,56,1,False,0,,False,0,,still_missed
yolov8n.pt,0.15,video7/v07_20-25_f00014_t00.47_moderate_blur,video7,moderate_blur,temporal_fixed,60,1,False,0,,False,0,,still_missed
yolov8n.pt,0.15,video7/v07_20-25_f00014_t00.47_moderate_blur,video7,moderate_blur,temporal_quality_weighted,56,1,False,0,,False,0,,still_missed
yolov8n.pt,0.15,video7/v07_20-25_f00014_t00.47_moderate_blur,video7,moderate_blur,temporal_quality_weighted,60,1,False,0,,False,0,,still_missed
yolov8n.pt,0.15,video7/v07_20-25_f00029_t00.97_clear,video7,clear,temporal_fixed,56,2,False,0,,False,0,,still_missed
yolov8n.pt,0.15,video7/v07_20-25_f00029_t00.97_clear,video7,clear,temporal_fixed,60,1,False,0,,False,0,,still_missed
yolov8n.pt,0.15,video7/v07_20-25_f00029_t00.97_clear,video7,clear,temporal_quality_weighted,56,2,False,0,,False,0,,still_missed
yolov8n.pt,0.15,video7/v07_20-25_f00029_t00.97_clear,video7,clear,temporal_quality_weighted,60,1,False,0,,False,0,,still_missed
yolov8n.pt,0.15,video7/v07_20-25_f00044_t01.47_clear,video7,clear,temporal_fixed,56,4,False,0,,False,0,,still_missed
yolov8n.pt,0.15,video7/v07_20-25_f00044_t01.47_clear,video7,clear,temporal_fixed,60,1,False,0,,False,0,,still_missed
yolov8n.pt,0.15,video7/v07_20-25_f00044_t01.47_clear,video7,clear,temporal_quality_weighted,56,4,False,0,,False,0,,still_missed
yolov8n.pt,0.15,video7/v07_20-25_f00044_t01.47_clear,video7,clear,temporal_quality_weighted,60,1,False,0,,False,0,,still_missed
yolov8n.pt,0.15,video7/v07_20-25_f00059_t01.97_clear,video7,clear,temporal_fixed,56,3,False,0,,False,0,,still_missed
yolov8n.pt,0.15,video7/v07_20-25_f00059_t01.97_clear,video7,clear,temporal_fixed,60,1,False,0,,False,0,,still_missed
yolov8n.pt,0.15,video7/v07_20-25_f00059_t01.97_clear,video7,clear,temporal_quality_weighted,56,3,False,0,,False,0,,still_missed
yolov8n.pt,0.15,video7/v07_20-25_f00059_t01.97_clear,video7,clear,temporal_quality_weighted,60,1,False,0,,False,0,,still_missed
yolov8n.pt,0.15,video7/v07_20-25_f00074_t02.47_moderate_blur,video7,moderate_blur,temporal_fixed,56,4,False,0,,False,0,,still_missed
yolov8n.pt,0.15,video7/v07_20-25_f00074_t02.47_moderate_blur,video7,moderate_blur,temporal_fixed,60,1,False,0,,False,0,,still_missed
yolov8n.pt,0.15,video7/v07_20-25_f00074_t02.47_moderate_blur,video7,moderate_blur,temporal_quality_weighted,56,4,False,0,,False,0,,still_missed
yolov8n.pt,0.15,video7/v07_20-25_f00074_t02.47_moderate_blur,video7,moderate_blur,temporal_quality_weighted,60,1,False,0,,False,0,,still_missed
yolov8n.pt,0.15,video7/v07_20-25_f00104_t03.47_severe_blur,video7,severe_blur,temporal_fixed,60,1,False,0,,False,0,,still_missed
yolov8n.pt,0.15,video7/v07_20-25_f00104_t03.47_severe_blur,video7,severe_blur,temporal_quality_weighted,60,1,False,0,,False,0,,still_missed
yolov8n.pt,0.15,video7/v07_20-25_f00119_t03.97_moderate_blur,video7,moderate_blur,temporal_fixed,56,1,False,0,,False,0,,still_missed
yolov8n.pt,0.15,video7/v07_20-25_f00119_t03.97_moderate_blur,video7,moderate_blur,temporal_fixed,60,1,False,0,,False,0,,still_missed
yolov8n.pt,0.15,video7/v07_20-25_f00119_t03.97_moderate_blur,video7,moderate_blur,temporal_quality_weighted,56,1,False,0,,False,0,,still_missed
yolov8n.pt,0.15,video7/v07_20-25_f00119_t03.97_moderate_blur,video7,moderate_blur,temporal_quality_weighted,60,1,False,0,,False,0,,still_missed
yolov8n.pt,0.15,video7/v07_20-25_f00149_t04.97_moderate_blur,video7,moderate_blur,temporal_fixed,56,3,False,0,,False,0,,still_missed
yolov8n.pt,0.15,video7/v07_20-25_f00149_t04.97_moderate_blur,video7,moderate_blur,temporal_fixed,60,1,False,0,,False,0,,still_missed
yolov8n.pt,0.15,video7/v07_20-25_f00149_t04.97_moderate_blur,video7,moderate_blur,temporal_quality_weighted,56,3,False,0,,False,0,,still_missed
yolov8n.pt,0.15,video7/v07_20-25_f00149_t04.97_moderate_blur,video7,moderate_blur,temporal_quality_weighted,60,1,False,0,,False,0,,still_missed
yolov8n.pt,0.15,video7/v07_20-25_f00178_t05.93_severe_blur,video7,severe_blur,temporal_fixed,56,1,False,0,,False,0,,still_missed
yolov8n.pt,0.15,video7/v07_20-25_f00178_t05.93_severe_blur,video7,severe_blur,temporal_fixed,60,1,False,0,,False,0,,still_missed
yolov8n.pt,0.15,video7/v07_20-25_f00178_t05.93_severe_blur,video7,severe_blur,temporal_quality_weighted,56,1,False,0,,False,0,,still_missed
yolov8n.pt,0.15,video7/v07_20-25_f00178_t05.93_severe_blur,video7,severe_blur,temporal_quality_weighted,60,1,False,0,,False,0,,still_missed
yolov8n.pt,0.15,video7/v07_20-25_f00223_t07.43_moderate_blur,video7,moderate_blur,temporal_fixed,56,3,False,0,,False,0,,still_missed
yolov8n.pt,0.15,video7/v07_20-25_f00223_t07.43_moderate_blur,video7,moderate_blur,temporal_fixed,60,1,False,0,,False,0,,still_missed
yolov8n.pt,0.15,video7/v07_20-25_f00223_t07.43_moderate_blur,video7,moderate_blur,temporal_quality_weighted,56,3,False,0,,False,0,,still_missed
yolov8n.pt,0.15,video7/v07_20-25_f00223_t07.43_moderate_blur,video7,moderate_blur,temporal_quality_weighted,60,1,False,0,,False,0,,still_missed
yolov8n.pt,0.15,video7/v07_20-25_f00268_t08.93_severe_blur,video7,severe_blur,temporal_fixed,56,1,False,0,,False,0,,still_missed
yolov8n.pt,0.15,video7/v07_20-25_f00268_t08.93_severe_blur,video7,severe_blur,temporal_fixed,60,1,False,0,,False,0,,still_missed
yolov8n.pt,0.15,video7/v07_20-25_f00268_t08.93_severe_blur,video7,severe_blur,temporal_quality_weighted,56,1,False,0,,False,0,,still_missed
yolov8n.pt,0.15,video7/v07_20-25_f00268_t08.93_severe_blur,video7,severe_blur,temporal_quality_weighted,60,1,False,0,,False,0,,still_missed
