gt_instance_id,video,source_video,target_frame,decoded_target_frame,timestamp,decoded_timestamp,target_alignment_delta_ms,quality_group,class_id,class,gt_x1,gt_y1,gt_x2,gt_y2,raw_detected,raw_confidence,nearest_prev_detection_frame,nearest_prev_detection_offset,nearest_prev_detection_timestamp,nearest_prev_detection_confidence,nearest_next_detection_frame,nearest_next_detection_offset,nearest_next_detection_timestamp,nearest_next_detection_confidence,nearest_unambiguous_detection_distance,recoverable_pm1,recoverable_pm3,recoverable_pm5,ambiguous_pm1,ambiguous_pm3,ambiguous_pm5,notes
video1/v01_20-16_f00054_t01.82_clear/gt000,video1,Movie on 13-08-2026 at 20.16.mov,54,49,1.817,1.833333,16.333,clear,56,chair,5.0,3.0,331.0,409.0,False,,,,,,,,,,,False,False,False,False,False,False,no_unambiguous_nearby_detection_pm5
video1/v01_20-16_f00081_t02.73_clear/gt000,video1,Movie on 13-08-2026 at 20.16.mov,81,76,2.726,2.733333,7.333,clear,56,chair,171.0,5.0,496.0,378.0,False,,74,-2,2.666667,0.3069,,,,,2,False,True,True,False,False,False,
video1/v01_20-16_f00081_t02.73_clear/gt001,video1,Movie on 13-08-2026 at 20.16.mov,81,76,2.726,2.733333,7.333,clear,56,chair,125.0,5.0,319.0,199.0,False,,74,-2,2.666667,0.2147,,,,,2,False,True,True,False,True,True,ambiguous_offsets=-2
video1/v01_20-16_f00081_t02.73_clear/gt002,video1,Movie on 13-08-2026 at 20.16.mov,81,76,2.726,2.733333,7.333,clear,56,chair,476.0,5.0,632.0,276.0,False,,,,,,,,,,,False,False,False,False,True,True,ambiguous_offsets=-2|-3|-4|-5;no_unambiguous_nearby_detection_pm5
video1/v01_20-16_f00108_t03.63_moderate_blur/gt000,video1,Movie on 13-08-2026 at 20.16.mov,108,103,3.635,3.633333,-1.667,moderate_blur,56,chair,3.0,12.0,155.0,229.0,False,,,,,,,,,,,False,False,False,False,False,False,no_unambiguous_nearby_detection_pm5
video1/v01_20-16_f00108_t03.63_moderate_blur/gt001,video1,Movie on 13-08-2026 at 20.16.mov,108,103,3.635,3.633333,-1.667,moderate_blur,56,chair,83.0,37.0,292.0,286.0,False,,,,,,,,,,,False,False,False,False,False,False,no_unambiguous_nearby_detection_pm5
video1/v01_20-16_f00108_t03.63_moderate_blur/gt002,video1,Movie on 13-08-2026 at 20.16.mov,108,103,3.635,3.633333,-1.667,moderate_blur,56,chair,513.0,99.0,634.0,397.0,False,,,,,,,,,,,False,False,False,False,False,False,no_unambiguous_nearby_detection_pm5
video1/v01_20-16_f00108_t03.63_moderate_blur/gt003,video1,Movie on 13-08-2026 at 20.16.mov,108,103,3.635,3.633333,-1.667,moderate_blur,60,dining table,5.0,2.0,632.0,245.0,False,,,,,,,,,,,False,False,False,False,False,False,no_unambiguous_nearby_detection_pm5
video1/v01_20-16_f00162_t05.45_moderate_blur/gt000,video1,Movie on 13-08-2026 at 20.16.mov,162,158,5.452,5.466667,14.667,moderate_blur,56,chair,33.0,184.0,449.0,415.0,False,,,,,,,,,,,False,False,False,False,False,False,no_unambiguous_nearby_detection_pm5
video1/v01_20-16_f00162_t05.45_moderate_blur/gt001,video1,Movie on 13-08-2026 at 20.16.mov,162,158,5.452,5.466667,14.667,moderate_blur,56,chair,535.0,68.0,640.0,382.0,False,,,,,,,,,,,False,False,False,False,False,False,no_unambiguous_nearby_detection_pm5
video1/v01_20-16_f00162_t05.45_moderate_blur/gt002,video1,Movie on 13-08-2026 at 20.16.mov,162,158,5.452,5.466667,14.667,moderate_blur,56,chair,532.0,68.0,640.0,273.0,False,,,,,,,,,,,False,False,False,False,False,False,no_unambiguous_nearby_detection_pm5
video1/v01_20-16_f00162_t05.45_moderate_blur/gt003,video1,Movie on 13-08-2026 at 20.16.mov,162,158,5.452,5.466667,14.667,moderate_blur,56,chair,5.0,39.0,441.0,403.0,False,,,,,,,,,,,False,False,False,False,False,False,no_unambiguous_nearby_detection_pm5
video1/v01_20-16_f00162_t05.45_moderate_blur/gt004,video1,Movie on 13-08-2026 at 20.16.mov,162,158,5.452,5.466667,14.667,moderate_blur,56,chair,1.0,104.0,143.0,341.0,False,,,,,,,,,,,False,False,False,False,False,False,no_unambiguous_nearby_detection_pm5
video1/v01_20-16_f00162_t05.45_moderate_blur/gt005,video1,Movie on 13-08-2026 at 20.16.mov,162,158,5.452,5.466667,14.667,moderate_blur,60,dining table,237.0,1.0,639.0,75.0,False,,,,,,,,,,,False,False,False,False,False,False,no_unambiguous_nearby_detection_pm5
video1/v01_20-16_f00162_t05.45_moderate_blur/gt006,video1,Movie on 13-08-2026 at 20.16.mov,162,158,5.452,5.466667,14.667,moderate_blur,56,chair,330.0,30.0,528.0,210.0,False,,,,,,,,,,,False,False,False,False,False,False,no_unambiguous_nearby_detection_pm5
video1/v01_20-16_f00162_t05.45_moderate_blur/gt007,video1,Movie on 13-08-2026 at 20.16.mov,162,158,5.452,5.466667,14.667,moderate_blur,56,chair,235.0,21.0,349.0,181.0,False,,,,,,,,,,,False,False,False,False,False,False,no_unambiguous_nearby_detection_pm5
video1/v01_20-16_f00189_t06.36_clear/gt000,video1,Movie on 13-08-2026 at 20.16.mov,189,185,6.361,6.366667,5.667,clear,56,chair,0.388,1.077,152.247,250.654,True,0.4314,184,-1,6.333333,0.36,186,1,6.4,0.2834,1,False,False,False,False,False,False,raw_detected;ambiguous_offsets=-1|+1|-2|+2|-3|-4|+4|-5
video1/v01_20-16_f00189_t06.36_clear/gt001,video1,Movie on 13-08-2026 at 20.16.mov,189,185,6.361,6.366667,5.667,clear,56,chair,211.016,173.806,544.204,419.578,False,,,,,,186,1,6.4,0.2097,1,True,True,True,True,True,True,ambiguous_offsets=-1|+1|+2|+3|+4|-5
video1/v01_20-16_f00189_t06.36_clear/gt002,video1,Movie on 13-08-2026 at 20.16.mov,189,185,6.361,6.366667,5.667,clear,56,chair,0.35,227.757,184.867,412.383,True,0.5291,184,-1,6.333333,0.6127,186,1,6.4,0.7332,1,False,False,False,False,False,False,raw_detected;ambiguous_offsets=-1|+1|-2|+2|-3|-4|+4|-5
video1/v01_20-16_f00189_t06.36_clear/gt003,video1,Movie on 13-08-2026 at 20.16.mov,189,185,6.361,6.366667,5.667,clear,56,chair,159.936,1.329,351.603,266.954,True,0.3639,184,-1,6.333333,0.1942,186,1,6.4,0.2687,1,False,False,False,False,False,False,raw_detected;ambiguous_offsets=-1|+1|-2|+2|-3|-4|+4|-5
video1/v01_20-16_f00189_t06.36_clear/gt004,video1,Movie on 13-08-2026 at 20.16.mov,189,185,6.361,6.366667,5.667,clear,56,chair,70.243,1.244,351.775,271.77,False,,,,,,186,1,6.4,0.1574,1,True,True,True,True,True,True,ambiguous_offsets=-1|+1|-2|+2|-3|+3|-4|+4|-5
video1/v01_20-16_f00189_t06.36_clear/gt005,video1,Movie on 13-08-2026 at 20.16.mov,189,185,6.361,6.366667,5.667,clear,56,chair,552.04,52.14,639.727,247.687,False,,,,,,,,,,,False,False,False,False,False,False,no_unambiguous_nearby_detection_pm5
video1/v01_20-16_f00189_t06.36_clear/gt006,video1,Movie on 13-08-2026 at 20.16.mov,189,185,6.361,6.366667,5.667,clear,56,chair,352.829,27.723,552.267,191.096,False,,,,,,,,,,,False,False,False,True,True,True,ambiguous_offsets=-1|+1|+2|-5;no_unambiguous_nearby_detection_pm5
video1/v01_20-16_f00189_t06.36_clear/gt007,video1,Movie on 13-08-2026 at 20.16.mov,189,185,6.361,6.366667,5.667,clear,56,chair,44.592,0.939,157.777,49.864,False,,,,,,,,,,,False,False,False,False,False,False,no_unambiguous_nearby_detection_pm5
video1/v01_20-16_f00189_t06.36_clear/gt008,video1,Movie on 13-08-2026 at 20.16.mov,189,185,6.361,6.366667,5.667,clear,56,chair,166.156,0.998,544.703,412.746,False,,180,-5,6.2,0.1654,186,1,6.4,0.1749,1,True,True,True,True,True,True,ambiguous_offsets=-1|+1|-2|+2|-3|-4|+4|-5
video1/v01_20-16_f00189_t06.36_clear/gt009,video1,Movie on 13-08-2026 at 20.16.mov,189,185,6.361,6.366667,5.667,clear,56,chair,8.251,90.66,149.736,243.449,False,,,,,,186,1,6.4,0.5329,1,True,True,True,True,True,True,ambiguous_offsets=-1|+1|-2|+2|-3|+3|-4|+4|-5
video1/v01_20-16_f00189_t06.36_clear/gt010,video1,Movie on 13-08-2026 at 20.16.mov,189,185,6.361,6.366667,5.667,clear,56,chair,560.258,96.034,639.632,248.78,False,,,,,,,,,,,False,False,False,False,False,False,no_unambiguous_nearby_detection_pm5
video1/v01_20-16_f00189_t06.36_clear/gt011,video1,Movie on 13-08-2026 at 20.16.mov,189,185,6.361,6.366667,5.667,clear,60,dining table,350.819,6.829,639.325,246.47,False,,,,,,,,,,,False,False,False,False,False,False,no_unambiguous_nearby_detection_pm5
video1/v01_20-16_f00189_t06.36_clear/gt012,video1,Movie on 13-08-2026 at 20.16.mov,189,185,6.361,6.366667,5.667,clear,56,chair,157.888,1.276,471.706,279.283,False,,,,,,,,,,,False,False,False,True,True,True,ambiguous_offsets=-1|+1|-2|+2|-3|-4|+4|-5;no_unambiguous_nearby_detection_pm5
video1/v01_20-16_f00189_t06.36_clear/gt013,video1,Movie on 13-08-2026 at 20.16.mov,189,185,6.361,6.366667,5.667,clear,56,chair,359.626,34.669,557.468,242.383,False,,,,,,,,,,,False,False,False,True,True,True,ambiguous_offsets=-1|+1|+2|+4|-5;no_unambiguous_nearby_detection_pm5
video1/v01_20-16_f00189_t06.36_clear/gt014,video1,Movie on 13-08-2026 at 20.16.mov,189,185,6.361,6.366667,5.667,clear,56,chair,6.839,77.646,186.579,272.167,True,0.3626,184,-1,6.333333,0.3752,,,,,1,False,False,False,False,False,False,raw_detected;ambiguous_offsets=-1|+1|-2|+2|-3|+3|-4|+4|-5
video1/v01_20-16_f00189_t06.36_clear/gt015,video1,Movie on 13-08-2026 at 20.16.mov,189,185,6.361,6.366667,5.667,clear,56,chair,48.397,4.3,214.2,273.961,False,,,,,,,,,,,False,False,False,True,True,True,ambiguous_offsets=-1|+1|-2|+2|-3|+3|-4|+4|-5;no_unambiguous_nearby_detection_pm5
video1/v01_20-16_f00189_t06.36_clear/gt016,video1,Movie on 13-08-2026 at 20.16.mov,189,185,6.361,6.366667,5.667,clear,56,chair,159.17,0.849,398.105,180.0,False,,,,,,,,,,,False,False,False,True,True,True,ambiguous_offsets=-1|+1|-2|+2|-3|-4|+4|-5;no_unambiguous_nearby_detection_pm5
video1/v01_20-16_f00270_t09.09_moderate_blur/gt000,video1,Movie on 13-08-2026 at 20.16.mov,270,267,9.087,9.1,13.0,moderate_blur,56,chair,0.927,0.0,325.386,410.931,False,,263,-4,8.966667,0.1551,,,,,4,False,False,True,False,False,False,
video1/v01_20-16_f00270_t09.09_moderate_blur/gt001,video1,Movie on 13-08-2026 at 20.16.mov,270,267,9.087,9.1,13.0,moderate_blur,56,chair,360.03,1.74,507.845,249.725,False,,,,,,,,,,,False,False,False,False,False,False,no_unambiguous_nearby_detection_pm5
video1/v01_20-16_f00270_t09.09_moderate_blur/gt002,video1,Movie on 13-08-2026 at 20.16.mov,270,267,9.087,9.1,13.0,moderate_blur,56,chair,430.061,2.696,639.104,418.923,False,,,,,,,,,,,False,False,False,False,False,True,ambiguous_offsets=-4;no_unambiguous_nearby_detection_pm5
video1/v01_20-16_f00270_t09.09_moderate_blur/gt003,video1,Movie on 13-08-2026 at 20.16.mov,270,267,9.087,9.1,13.0,moderate_blur,56,chair,0.224,0.615,326.135,282.123,False,,,,,,,,,,,False,False,False,False,False,True,ambiguous_offsets=-4;no_unambiguous_nearby_detection_pm5
video1/v01_20-16_f00270_t09.09_moderate_blur/gt004,video1,Movie on 13-08-2026 at 20.16.mov,270,267,9.087,9.1,13.0,moderate_blur,56,chair,523.077,90.351,639.633,355.035,False,,,,,,,,,,,False,False,False,False,False,False,no_unambiguous_nearby_detection_pm5
video1/v01_20-16_f00270_t09.09_moderate_blur/gt005,video1,Movie on 13-08-2026 at 20.16.mov,270,267,9.087,9.1,13.0,moderate_blur,56,chair,358.348,1.165,638.849,296.399,False,,,,,,,,,,,False,False,False,False,False,True,ambiguous_offsets=-4;no_unambiguous_nearby_detection_pm5
video1/v01_20-16_f00270_t09.09_moderate_blur/gt006,video1,Movie on 13-08-2026 at 20.16.mov,270,267,9.087,9.1,13.0,moderate_blur,56,chair,0.624,105.786,315.648,270.313,False,,,,,,,,,,,False,False,False,False,False,True,ambiguous_offsets=-4;no_unambiguous_nearby_detection_pm5
video1/v01_20-16_f00325_t10.94_clear/gt000,video1,Movie on 13-08-2026 at 20.16.mov,325,322,10.938,10.933333,-4.667,clear,56,chair,1.0,243.0,146.0,412.0,False,,321,-1,10.9,0.588,,,,,1,True,True,True,False,True,True,ambiguous_offsets=-3
video1/v01_20-16_f00325_t10.94_clear/gt001,video1,Movie on 13-08-2026 at 20.16.mov,325,322,10.938,10.933333,-4.667,clear,56,chair,152.0,1.0,428.0,408.0,False,,320,-2,10.866667,0.4666,,,,,2,False,True,True,True,True,True,ambiguous_offsets=-1|-2|-3
video1/v01_20-16_f00325_t10.94_clear/gt002,video1,Movie on 13-08-2026 at 20.16.mov,325,322,10.938,10.933333,-4.667,clear,56,chair,485.0,269.0,639.0,419.0,False,,,,,,324,2,11.0,0.1674,2,False,True,True,False,False,False,
video1/v01_20-16_f00325_t10.94_clear/gt003,video1,Movie on 13-08-2026 at 20.16.mov,325,322,10.938,10.933333,-4.667,clear,56,chair,458.0,12.0,639.0,418.0,False,,,,,,,,,,,False,False,False,False,True,True,ambiguous_offsets=-2|+2|-3;no_unambiguous_nearby_detection_pm5
video1/v01_20-16_f00352_t11.85_moderate_blur/gt000,video1,Movie on 13-08-2026 at 20.16.mov,352,349,11.846,11.833333,-12.667,moderate_blur,56,chair,136.304,1.381,563.833,417.985,False,,,,,,350,1,11.866667,0.2915,1,True,True,True,True,True,True,ambiguous_offsets=+1|-2|-4|+4|-5
video1/v01_20-16_f00352_t11.85_moderate_blur/gt001,video1,Movie on 13-08-2026 at 20.16.mov,352,349,11.846,11.833333,-12.667,moderate_blur,56,chair,0.207,6.991,122.385,402.825,True,0.192,348,-1,11.8,0.3235,351,2,11.9,0.2034,1,False,False,False,False,False,False,raw_detected;ambiguous_offsets=-1|+1|-2|+3|+4
video1/v01_20-16_f00352_t11.85_moderate_blur/gt002,video1,Movie on 13-08-2026 at 20.16.mov,352,349,11.846,11.833333,-12.667,moderate_blur,56,chair,264.1,2.916,533.912,274.869,False,,,,,,350,1,11.866667,0.2677,1,True,True,True,True,True,True,ambiguous_offsets=+1
video1/v01_20-16_f00352_t11.85_moderate_blur/gt003,video1,Movie on 13-08-2026 at 20.16.mov,352,349,11.846,11.833333,-12.667,moderate_blur,56,chair,480.858,47.56,636.537,238.739,False,,,,,,,,,,,False,False,False,True,True,True,ambiguous_offsets=+1|+4;no_unambiguous_nearby_detection_pm5
video1/v01_20-16_f00352_t11.85_moderate_blur/gt004,video1,Movie on 13-08-2026 at 20.16.mov,352,349,11.846,11.833333,-12.667,moderate_blur,56,chair,277.601,1.828,430.449,194.027,False,,,,,,,,,,,False,False,False,True,True,True,ambiguous_offsets=+1|+4;no_unambiguous_nearby_detection_pm5
video1/v01_20-16_f00352_t11.85_moderate_blur/gt005,video1,Movie on 13-08-2026 at 20.16.mov,352,349,11.846,11.833333,-12.667,moderate_blur,56,chair,481.488,50.527,627.196,186.205,False,,,,,,,,,,,False,False,False,True,True,True,ambiguous_offsets=+1|+4;no_unambiguous_nearby_detection_pm5
video1/v01_20-16_f00352_t11.85_moderate_blur/gt006,video1,Movie on 13-08-2026 at 20.16.mov,352,349,11.846,11.833333,-12.667,moderate_blur,56,chair,237.639,2.6,554.331,383.004,False,,,,,,,,,,,False,False,False,True,True,True,ambiguous_offsets=+1|+4;no_unambiguous_nearby_detection_pm5
video1/v01_20-16_f00352_t11.85_moderate_blur/gt007,video1,Movie on 13-08-2026 at 20.16.mov,352,349,11.846,11.833333,-12.667,moderate_blur,56,chair,295.357,126.343,531.724,274.308,False,,,,,,,,,,,False,False,False,True,True,True,ambiguous_offsets=+1|+4;no_unambiguous_nearby_detection_pm5
video1/v01_20-16_f00352_t11.85_moderate_blur/gt008,video1,Movie on 13-08-2026 at 20.16.mov,352,349,11.846,11.833333,-12.667,moderate_blur,56,chair,195.053,96.278,576.308,414.784,False,,,,,,,,,,,False,False,False,True,True,True,ambiguous_offsets=+1|+4;no_unambiguous_nearby_detection_pm5
video1/v01_20-16_f00352_t11.85_moderate_blur/gt009,video1,Movie on 13-08-2026 at 20.16.mov,352,349,11.846,11.833333,-12.667,moderate_blur,56,chair,276.124,1.658,515.425,205.746,False,,,,,,353,4,11.966667,0.1774,4,False,False,True,True,True,True,ambiguous_offsets=+1|+4
video1/v01_20-16_f00379_t12.75_severe_blur/gt000,video1,Movie on 13-08-2026 at 20.16.mov,379,377,12.755,12.766667,11.667,severe_blur,56,chair,200.0,5.0,635.0,426.0,False,,,,,,,,,,,False,False,False,False,False,False,no_unambiguous_nearby_detection_pm5
video1/v01_20-16_f00379_t12.75_severe_blur/gt001,video1,Movie on 13-08-2026 at 20.16.mov,379,377,12.755,12.766667,11.667,severe_blur,56,chair,58.0,8.0,194.0,148.0,False,,,,,,,,,,,False,False,False,False,False,False,no_unambiguous_nearby_detection_pm5
video1/v01_20-16_f00379_t12.75_severe_blur/gt002,video1,Movie on 13-08-2026 at 20.16.mov,379,377,12.755,12.766667,11.667,severe_blur,56,chair,564.0,16.0,639.0,244.0,False,,,,,,,,,,,False,False,False,False,False,False,no_unambiguous_nearby_detection_pm5
video1/v01_20-16_f00433_t14.57_severe_blur/gt000,video1,Movie on 13-08-2026 at 20.16.mov,433,431,14.572,14.566667,-5.333,severe_blur,56,chair,365.0,70.0,638.0,426.0,False,,,,,,,,,,,False,False,False,False,False,False,no_unambiguous_nearby_detection_pm5
video1/v01_20-16_f00433_t14.57_severe_blur/gt001,video1,Movie on 13-08-2026 at 20.16.mov,433,431,14.572,14.566667,-5.333,severe_blur,56,chair,18.0,30.0,167.0,215.0,False,,,,,,,,,,,False,False,False,False,False,False,no_unambiguous_nearby_detection_pm5
video1/v01_20-16_f00433_t14.57_severe_blur/gt002,video1,Movie on 13-08-2026 at 20.16.mov,433,431,14.572,14.566667,-5.333,severe_blur,56,chair,170.0,61.0,313.0,245.0,False,,,,,,,,,,,False,False,False,False,False,False,no_unambiguous_nearby_detection_pm5
video1/v01_20-16_f00433_t14.57_severe_blur/gt003,video1,Movie on 13-08-2026 at 20.16.mov,433,431,14.572,14.566667,-5.333,severe_blur,60,dining table,7.0,1.0,634.0,164.0,False,,,,,,,,,,,False,False,False,False,False,False,no_unambiguous_nearby_detection_pm5
video1/v01_20-16_f00487_t16.39_moderate_blur/gt000,video1,Movie on 13-08-2026 at 20.16.mov,487,486,16.389,16.4,11.0,moderate_blur,56,chair,498.0,74.0,639.0,423.0,False,,,,,,,,,,,False,False,False,False,False,False,no_unambiguous_nearby_detection_pm5
video1/v01_20-16_f00487_t16.39_moderate_blur/gt001,video1,Movie on 13-08-2026 at 20.16.mov,487,486,16.389,16.4,11.0,moderate_blur,56,chair,22.0,25.0,187.0,253.0,False,,,,,,,,,,,False,False,False,False,False,False,no_unambiguous_nearby_detection_pm5
video1/v01_20-16_f00487_t16.39_moderate_blur/gt002,video1,Movie on 13-08-2026 at 20.16.mov,487,486,16.389,16.4,11.0,moderate_blur,56,chair,235.0,31.0,385.0,304.0,False,,,,,,,,,,,False,False,False,False,False,False,no_unambiguous_nearby_detection_pm5
video1/v01_20-16_f00487_t16.39_moderate_blur/gt003,video1,Movie on 13-08-2026 at 20.16.mov,487,486,16.389,16.4,11.0,moderate_blur,56,chair,421.0,65.0,544.0,306.0,False,,,,,,,,,,,False,False,False,False,False,False,no_unambiguous_nearby_detection_pm5
video1/v01_20-16_f00487_t16.39_moderate_blur/gt004,video1,Movie on 13-08-2026 at 20.16.mov,487,486,16.389,16.4,11.0,moderate_blur,60,dining table,5.0,3.0,626.0,155.0,False,,,,,,,,,,,False,False,False,False,False,False,no_unambiguous_nearby_detection_pm5
video1/v01_20-16_f00541_t18.21_severe_blur/gt000,video1,Movie on 13-08-2026 at 20.16.mov,541,540,18.207,18.2,-7.0,severe_blur,56,chair,5.0,1.0,114.0,269.0,False,,,,,,,,,,,False,False,False,False,False,False,no_unambiguous_nearby_detection_pm5
video1/v01_20-16_f00541_t18.21_severe_blur/gt001,video1,Movie on 13-08-2026 at 20.16.mov,541,540,18.207,18.2,-7.0,severe_blur,56,chair,165.0,18.0,339.0,285.0,False,,,,,,,,,,,False,False,False,False,False,False,no_unambiguous_nearby_detection_pm5
video1/v01_20-16_f00541_t18.21_severe_blur/gt002,video1,Movie on 13-08-2026 at 20.16.mov,541,540,18.207,18.2,-7.0,severe_blur,56,chair,360.0,44.0,522.0,282.0,False,,,,,,,,,,,False,False,False,False,False,False,no_unambiguous_nearby_detection_pm5
video1/v01_20-16_f00541_t18.21_severe_blur/gt003,video1,Movie on 13-08-2026 at 20.16.mov,541,540,18.207,18.2,-7.0,severe_blur,56,chair,535.0,71.0,638.0,295.0,False,,,,,,,,,,,False,False,False,False,False,False,no_unambiguous_nearby_detection_pm5
video1/v01_20-16_f00541_t18.21_severe_blur/gt004,video1,Movie on 13-08-2026 at 20.16.mov,541,540,18.207,18.2,-7.0,severe_blur,60,dining table,10.0,3.0,640.0,164.0,False,,,,,,,,,,,False,False,False,False,False,False,no_unambiguous_nearby_detection_pm5
video2/v02_20-18_f00000_t00.00_clear/gt000,video2,Movie on 13-08-2026 at 20.18.mov,0,0,0.0,0.0,0.0,clear,56,chair,4.0,3.0,199.0,297.0,False,,,,,,,,,,,False,False,False,False,False,False,no_unambiguous_nearby_detection_pm5
video2/v02_20-18_f00000_t00.00_clear/gt001,video2,Movie on 13-08-2026 at 20.18.mov,0,0,0.0,0.0,0.0,clear,56,chair,264.0,8.0,347.0,168.0,False,,,,,,,,,,,False,False,False,False,False,False,no_unambiguous_nearby_detection_pm5
video2/v02_20-18_f00000_t00.00_clear/gt002,video2,Movie on 13-08-2026 at 20.18.mov,0,0,0.0,0.0,0.0,clear,56,chair,318.0,22.0,431.0,209.0,False,,,,,,,,,,,False,False,False,False,False,False,no_unambiguous_nearby_detection_pm5
video2/v02_20-18_f00000_t00.00_clear/gt003,video2,Movie on 13-08-2026 at 20.18.mov,0,0,0.0,0.0,0.0,clear,56,chair,549.0,38.0,637.0,277.0,False,,,,,,,,,,,False,False,False,False,False,False,no_unambiguous_nearby_detection_pm5
video2/v02_20-18_f00000_t00.00_clear/gt004,video2,Movie on 13-08-2026 at 20.18.mov,0,0,0.0,0.0,0.0,clear,60,dining table,220.0,6.0,632.0,114.0,False,,,,,,,,,,,False,False,False,False,False,False,no_unambiguous_nearby_detection_pm5
video2/v02_20-18_f00037_t01.23_moderate_blur/gt000,video2,Movie on 13-08-2026 at 20.18.mov,37,37,1.233,1.233333,0.333,moderate_blur,56,chair,386.0,147.0,640.0,396.0,False,,,,,,,,,,,False,False,False,False,False,False,no_unambiguous_nearby_detection_pm5
video2/v02_20-18_f00037_t01.23_moderate_blur/gt001,video2,Movie on 13-08-2026 at 20.18.mov,37,37,1.233,1.233333,0.333,moderate_blur,56,chair,2.0,144.0,97.0,232.0,False,,,,,,,,,,,False,False,False,False,False,False,no_unambiguous_nearby_detection_pm5
video2/v02_20-18_f00037_t01.23_moderate_blur/gt002,video2,Movie on 13-08-2026 at 20.18.mov,37,37,1.233,1.233333,0.333,moderate_blur,56,chair,70.0,170.0,217.0,298.0,False,,,,,,,,,,,False,False,False,False,False,False,no_unambiguous_nearby_detection_pm5
video2/v02_20-18_f00037_t01.23_moderate_blur/gt003,video2,Movie on 13-08-2026 at 20.18.mov,37,37,1.233,1.233333,0.333,moderate_blur,56,chair,1.0,12.0,100.0,222.0,False,,,,,,,,,,,False,False,False,False,False,False,no_unambiguous_nearby_detection_pm5
video2/v02_20-18_f00037_t01.23_moderate_blur/gt004,video2,Movie on 13-08-2026 at 20.18.mov,37,37,1.233,1.233333,0.333,moderate_blur,60,dining table,5.0,1.0,636.0,321.0,False,,,,,,,,,,,False,False,False,False,False,False,no_unambiguous_nearby_detection_pm5
video2/v02_20-18_f00037_t01.23_moderate_blur/gt005,video2,Movie on 13-08-2026 at 20.18.mov,37,37,1.233,1.233333,0.333,moderate_blur,56,chair,105.0,22.0,226.0,215.0,False,,,,,,,,,,,False,False,False,False,False,False,no_unambiguous_nearby_detection_pm5
video2/v02_20-18_f00113_t03.77_clear/gt000,video2,Movie on 13-08-2026 at 20.18.mov,113,113,3.767,3.766667,-0.333,clear,56,chair,204.0,6.0,628.0,423.0,False,,,,,,,,,,,False,False,False,False,False,False,no_unambiguous_nearby_detection_pm5
video2/v02_20-18_f00113_t03.77_clear/gt001,video2,Movie on 13-08-2026 at 20.18.mov,113,113,3.767,3.766667,-0.333,clear,60,dining table,452.0,15.0,636.0,77.0,False,,,,,,,,,,,False,False,False,False,False,False,no_unambiguous_nearby_detection_pm5
video2/v02_20-18_f00151_t05.03_moderate_blur/gt000,video2,Movie on 13-08-2026 at 20.18.mov,151,151,5.033,5.033333,0.333,moderate_blur,56,chair,1.0,2.0,367.0,426.0,False,,150,-1,5.0,0.2081,,,,,1,True,True,True,False,False,False,
video2/v02_20-18_f00151_t05.03_moderate_blur/gt001,video2,Movie on 13-08-2026 at 20.18.mov,151,151,5.033,5.033333,0.333,moderate_blur,56,chair,348.0,61.0,527.0,338.0,False,,,,,,,,,,,False,False,False,False,False,False,no_unambiguous_nearby_detection_pm5
video2/v02_20-18_f00151_t05.03_moderate_blur/gt002,video2,Movie on 13-08-2026 at 20.18.mov,151,151,5.033,5.033333,0.333,moderate_blur,56,chair,539.0,92.0,637.0,387.0,False,,,,,,,,,,,False,False,False,False,False,False,no_unambiguous_nearby_detection_pm5
video2/v02_20-18_f00151_t05.03_moderate_blur/gt003,video2,Movie on 13-08-2026 at 20.18.mov,151,151,5.033,5.033333,0.333,moderate_blur,56,chair,192.0,37.0,349.0,275.0,False,,,,,,,,,,,False,False,False,True,True,True,ambiguous_offsets=-1;no_unambiguous_nearby_detection_pm5
video2/v02_20-18_f00151_t05.03_moderate_blur/gt004,video2,Movie on 13-08-2026 at 20.18.mov,151,151,5.033,5.033333,0.333,moderate_blur,60,dining table,150.0,11.0,635.0,197.0,False,,,,,,,,,,,False,False,False,False,False,False,no_unambiguous_nearby_detection_pm5
video2/v02_20-18_f00189_t06.30_severe_blur/gt000,video2,Movie on 13-08-2026 at 20.18.mov,189,189,6.3,6.3,0.0,severe_blur,56,chair,235.0,11.0,634.0,426.0,False,,,,,,,,,,,False,False,False,False,False,False,no_unambiguous_nearby_detection_pm5
video2/v02_20-18_f00189_t06.30_severe_blur/gt001,video2,Movie on 13-08-2026 at 20.18.mov,189,189,6.3,6.3,0.0,severe_blur,56,chair,50.0,16.0,260.0,334.0,False,,,,,,,,,,,False,False,False,False,False,False,no_unambiguous_nearby_detection_pm5
video2/v02_20-18_f00264_t08.80_moderate_blur/gt000,video2,Movie on 13-08-2026 at 20.18.mov,264,264,8.8,8.8,0.0,moderate_blur,56,chair,5.0,4.0,516.0,426.0,False,,,,,,,,,,,False,False,False,False,False,False,no_unambiguous_nearby_detection_pm5
video2/v02_20-18_f00264_t08.80_moderate_blur/gt001,video2,Movie on 13-08-2026 at 20.18.mov,264,264,8.8,8.8,0.0,moderate_blur,60,dining table,259.0,28.0,638.0,178.0,False,,,,,,,,,,,False,False,False,False,False,False,no_unambiguous_nearby_detection_pm5
video2/v02_20-18_f00264_t08.80_moderate_blur/gt002,video2,Movie on 13-08-2026 at 20.18.mov,264,264,8.8,8.8,0.0,moderate_blur,56,chair,483.0,90.0,630.0,330.0,False,,,,,,,,,,,False,False,False,False,False,False,no_unambiguous_nearby_detection_pm5
video2/v02_20-18_f00340_t11.33_clear/gt000,video2,Movie on 13-08-2026 at 20.18.mov,340,340,11.333,11.333333,0.333,clear,56,chair,538.0,75.0,640.0,345.0,False,,336,-4,11.2,0.1729,,,,,4,False,False,True,False,False,False,
video2/v02_20-18_f00340_t11.33_clear/gt001,video2,Movie on 13-08-2026 at 20.18.mov,340,340,11.333,11.333333,0.333,clear,56,chair,1.0,1.0,217.0,294.0,False,,,,,,,,,,,False,False,False,False,False,False,no_unambiguous_nearby_detection_pm5
video2/v02_20-18_f00340_t11.33_clear/gt002,video2,Movie on 13-08-2026 at 20.18.mov,340,340,11.333,11.333333,0.333,clear,56,chair,6.0,60.0,477.0,423.0,False,,,,,,,,,,,False,False,False,False,False,False,no_unambiguous_nearby_detection_pm5
video2/v02_20-18_f00340_t11.33_clear/gt003,video2,Movie on 13-08-2026 at 20.18.mov,340,340,11.333,11.333333,0.333,clear,56,chair,366.0,49.0,537.0,304.0,False,,,,,,,,,,,False,False,False,False,False,True,ambiguous_offsets=-4;no_unambiguous_nearby_detection_pm5
video2/v02_20-18_f00340_t11.33_clear/gt004,video2,Movie on 13-08-2026 at 20.18.mov,340,340,11.333,11.333333,0.333,clear,60,dining table,144.0,9.0,621.0,63.0,False,,,,,,344,4,11.466667,0.187,4,False,False,True,False,False,False,
video2/v02_20-18_f00453_t15.10_severe_blur/gt000,video2,Movie on 13-08-2026 at 20.18.mov,453,453,15.1,15.1,0.0,severe_blur,56,chair,10.0,9.0,219.0,251.0,False,,,,,,,,,,,False,False,False,False,False,False,no_unambiguous_nearby_detection_pm5
video2/v02_20-18_f00453_t15.10_severe_blur/gt001,video2,Movie on 13-08-2026 at 20.18.mov,453,453,15.1,15.1,0.0,severe_blur,56,chair,368.0,29.0,565.0,278.0,False,,,,,,,,,,,False,False,False,False,False,False,no_unambiguous_nearby_detection_pm5
video2/v02_20-18_f00453_t15.10_severe_blur/gt002,video2,Movie on 13-08-2026 at 20.18.mov,453,453,15.1,15.1,0.0,severe_blur,56,chair,548.0,89.0,635.0,314.0,False,,,,,,,,,,,False,False,False,False,False,False,no_unambiguous_nearby_detection_pm5
video2/v02_20-18_f00453_t15.10_severe_blur/gt003,video2,Movie on 13-08-2026 at 20.18.mov,453,453,15.1,15.1,0.0,severe_blur,60,dining table,180.0,8.0,637.0,152.0,False,,,,,,,,,,,False,False,False,False,False,False,no_unambiguous_nearby_detection_pm5
video2/v02_20-18_f00567_t18.90_moderate_blur/gt000,video2,Movie on 13-08-2026 at 20.18.mov,567,567,18.9,18.9,0.0,moderate_blur,56,chair,1.0,2.0,39.0,340.0,False,,,,,,,,,,,False,False,False,False,False,False,no_unambiguous_nearby_detection_pm5
video2/v02_20-18_f00567_t18.90_moderate_blur/gt001,video2,Movie on 13-08-2026 at 20.18.mov,567,567,18.9,18.9,0.0,moderate_blur,56,chair,7.0,97.0,204.0,417.0,True,0.2307,,,,,,,,,,False,False,False,False,False,False,raw_detected
video2/v02_20-18_f00567_t18.90_moderate_blur/gt002,video2,Movie on 13-08-2026 at 20.18.mov,567,567,18.9,18.9,0.0,moderate_blur,56,chair,38.0,103.0,192.0,149.0,False,,,,,,,,,,,False,False,False,False,False,False,no_unambiguous_nearby_detection_pm5
video2/v02_20-18_f00567_t18.90_moderate_blur/gt003,video2,Movie on 13-08-2026 at 20.18.mov,567,567,18.9,18.9,0.0,moderate_blur,56,chair,320.0,172.0,528.0,406.0,False,,,,,,,,,,,False,False,False,False,False,False,no_unambiguous_nearby_detection_pm5
video2/v02_20-18_f00567_t18.90_moderate_blur/gt004,video2,Movie on 13-08-2026 at 20.18.mov,567,567,18.9,18.9,0.0,moderate_blur,56,chair,312.0,194.0,509.0,417.0,False,,,,,,,,,,,False,False,False,False,False,False,no_unambiguous_nearby_detection_pm5
video2/v02_20-18_f00567_t18.90_moderate_blur/gt005,video2,Movie on 13-08-2026 at 20.18.mov,567,567,18.9,18.9,0.0,moderate_blur,60,dining table,26.0,5.0,640.0,278.0,False,,,,,,,,,,,False,False,False,False,False,False,no_unambiguous_nearby_detection_pm5
video2/v02_20-18_f00567_t18.90_moderate_blur/gt006,video2,Movie on 13-08-2026 at 20.18.mov,567,567,18.9,18.9,0.0,moderate_blur,60,dining table,165.0,112.0,305.0,426.0,False,,,,,,,,,,,False,False,False,False,False,False,no_unambiguous_nearby_detection_pm5
video2/v02_20-18_f00680_t22.67_severe_blur/gt000,video2,Movie on 13-08-2026 at 20.18.mov,680,680,22.667,22.666667,-0.333,severe_blur,56,chair,251.0,51.0,544.0,392.0,False,,,,,,,,,,,False,False,False,False,False,False,no_unambiguous_nearby_detection_pm5
video2/v02_20-18_f00680_t22.67_severe_blur/gt001,video2,Movie on 13-08-2026 at 20.18.mov,680,680,22.667,22.666667,-0.333,severe_blur,56,chair,232.0,250.0,640.0,426.0,False,,,,,,,,,,,False,False,False,False,False,False,no_unambiguous_nearby_detection_pm5
video2/v02_20-18_f00680_t22.67_severe_blur/gt002,video2,Movie on 13-08-2026 at 20.18.mov,680,680,22.667,22.666667,-0.333,severe_blur,60,dining table,200.0,65.0,637.0,245.0,False,,,,,,,,,,,False,False,False,False,False,False,no_unambiguous_nearby_detection_pm5
video2/v02_20-18_f00680_t22.67_severe_blur/gt003,video2,Movie on 13-08-2026 at 20.18.mov,680,680,22.667,22.666667,-0.333,severe_blur,60,dining table,191.0,69.0,259.0,424.0,False,,,,,,,,,,,False,False,False,False,False,False,no_unambiguous_nearby_detection_pm5
video2/v02_20-18_f00718_t23.93_clear/gt000,video2,Movie on 13-08-2026 at 20.18.mov,718,718,23.933,23.933333,0.333,clear,56,chair,183.405,1.326,499.287,414.689,False,,717,-1,23.9,0.5105,719,1,23.966667,0.4058,1,True,True,True,False,False,False,
video2/v02_20-18_f00718_t23.93_clear/gt001,video2,Movie on 13-08-2026 at 20.18.mov,718,718,23.933,23.933333,0.333,clear,56,chair,258.469,2.312,496.772,310.08,False,,,,,,,,,,,False,False,False,True,True,True,ambiguous_offsets=-1|+1|-2;no_unambiguous_nearby_detection_pm5
video2/v02_20-18_f00794_t26.47_moderate_blur/gt000,video2,Movie on 13-08-2026 at 20.18.mov,794,794,26.467,26.466667,-0.333,moderate_blur,56,chair,223.09,0.889,637.738,349.85,False,,,,,,,,,,,False,False,False,False,False,False,no_unambiguous_nearby_detection_pm5
video2/v02_20-18_f00794_t26.47_moderate_blur/gt001,video2,Movie on 13-08-2026 at 20.18.mov,794,794,26.467,26.466667,-0.333,moderate_blur,56,chair,220.117,2.175,391.888,346.413,False,,,,,,,,,,,False,False,False,False,False,False,no_unambiguous_nearby_detection_pm5
video2/v02_20-18_f00794_t26.47_moderate_blur/gt002,video2,Movie on 13-08-2026 at 20.18.mov,794,794,26.467,26.466667,-0.333,moderate_blur,56,chair,324.235,17.422,638.776,414.003,False,,,,,,,,,,,False,False,False,False,False,False,no_unambiguous_nearby_detection_pm5
video2/v02_20-18_f00794_t26.47_moderate_blur/gt003,video2,Movie on 13-08-2026 at 20.18.mov,794,794,26.467,26.466667,-0.333,moderate_blur,56,chair,220.795,1.319,506.836,346.534,False,,,,,,,,,,,False,False,False,False,False,False,no_unambiguous_nearby_detection_pm5
video3/v03_20-20_f00000_t00.00_clear/gt000,video3,Movie on 13-08-2026 at 20.20(1).mov,0,0,0.0,0.0,0.0,clear,0,person,508.0,65.0,640.0,422.0,True,0.8202,,,,,1,1,0.033333,0.807,1,False,False,False,False,False,False,raw_detected
video3/v03_20-20_f00000_t00.00_clear/gt001,video3,Movie on 13-08-2026 at 20.20(1).mov,0,0,0.0,0.0,0.0,clear,56,chair,1.0,3.0,284.0,415.0,False,,,,,,,,,,,False,False,False,False,False,False,no_unambiguous_nearby_detection_pm5
video3/v03_20-20_f00000_t00.00_clear/gt002,video3,Movie on 13-08-2026 at 20.20(1).mov,0,0,0.0,0.0,0.0,clear,39,bottle,272.0,315.0,309.0,377.0,False,,,,,,,,,,,False,False,False,False,False,False,no_unambiguous_nearby_detection_pm5
video3/v03_20-20_f00000_t00.00_clear/gt003,video3,Movie on 13-08-2026 at 20.20(1).mov,0,0,0.0,0.0,0.0,clear,0,person,526.0,116.0,593.0,247.0,True,0.1593,,,,,2,2,0.066667,0.261,2,False,False,False,False,False,False,raw_detected;ambiguous_offsets=+1|+2
video3/v03_20-20_f00000_t00.00_clear/gt004,video3,Movie on 13-08-2026 at 20.20(1).mov,0,0,0.0,0.0,0.0,clear,0,person,529.0,132.0,575.0,245.0,False,,,,,,,,,,,False,False,False,True,True,True,ambiguous_offsets=+1|+2|+3|+4|+5;no_unambiguous_nearby_detection_pm5
video3/v03_20-20_f00000_t00.00_clear/gt005,video3,Movie on 13-08-2026 at 20.20(1).mov,0,0,0.0,0.0,0.0,clear,0,person,521.0,135.0,567.0,242.0,False,,,,,,,,,,,False,False,False,True,True,True,ambiguous_offsets=+1|+2|+3|+4|+5;no_unambiguous_nearby_detection_pm5
video3/v03_20-20_f00000_t00.00_clear/gt006,video3,Movie on 13-08-2026 at 20.20(1).mov,0,0,0.0,0.0,0.0,clear,24,backpack,364.0,372.0,522.0,425.0,False,,,,,,,,,,,False,False,False,False,False,False,no_unambiguous_nearby_detection_pm5
video3/v03_20-20_f00000_t00.00_clear/gt007,video3,Movie on 13-08-2026 at 20.20(1).mov,0,0,0.0,0.0,0.0,clear,0,person,593.0,71.0,639.0,301.0,False,,,,,,,,,,,False,False,False,True,True,True,ambiguous_offsets=+1|+2|+3|+4|+5;no_unambiguous_nearby_detection_pm5
video3/v03_20-20_f00000_t00.00_clear/gt008,video3,Movie on 13-08-2026 at 20.20(1).mov,0,0,0.0,0.0,0.0,clear,0,person,544.0,215.0,635.0,426.0,False,,,,,,,,,,,False,False,False,True,True,True,ambiguous_offsets=+1|+2|+3|+4|+5;no_unambiguous_nearby_detection_pm5
video3/v03_20-20_f00016_t00.53_clear/gt000,video3,Movie on 13-08-2026 at 20.20(1).mov,16,16,0.533,0.533333,0.333,clear,56,chair,1.0,3.0,176.0,254.0,False,,,,,,,,,,,False,False,False,False,False,True,ambiguous_offsets=+4;no_unambiguous_nearby_detection_pm5
video3/v03_20-20_f00016_t00.53_clear/gt001,video3,Movie on 13-08-2026 at 20.20(1).mov,16,16,0.533,0.533333,0.333,clear,56,chair,90.0,59.0,433.0,413.0,False,,,,,,21,5,0.7,0.2415,5,False,False,True,False,False,True,ambiguous_offsets=+4
video3/v03_20-20_f00016_t00.53_clear/gt002,video3,Movie on 13-08-2026 at 20.20(1).mov,16,16,0.533,0.533333,0.333,clear,56,chair,1.0,93.0,112.0,249.0,False,,,,,,,,,,,False,False,False,False,False,True,ambiguous_offsets=+4;no_unambiguous_nearby_detection_pm5
video3/v03_20-20_f00016_t00.53_clear/gt003,video3,Movie on 13-08-2026 at 20.20(1).mov,16,16,0.533,0.533333,0.333,clear,56,chair,1.0,94.0,98.0,150.0,False,,,,,,,,,,,False,False,False,False,False,True,ambiguous_offsets=+4;no_unambiguous_nearby_detection_pm5
video3/v03_20-20_f00016_t00.53_clear/gt004,video3,Movie on 13-08-2026 at 20.20(1).mov,16,16,0.533,0.533333,0.333,clear,56,chair,1.0,61.0,150.0,245.0,False,,,,,,,,,,,False,False,False,False,False,True,ambiguous_offsets=+4|+5;no_unambiguous_nearby_detection_pm5
video3/v03_20-20_f00016_t00.53_clear/gt005,video3,Movie on 13-08-2026 at 20.20(1).mov,16,16,0.533,0.533333,0.333,clear,56,chair,1.0,2.0,175.0,153.0,False,,,,,,,,,,,False,False,False,False,False,True,ambiguous_offsets=+4;no_unambiguous_nearby_detection_pm5
video3/v03_20-20_f00016_t00.53_clear/gt006,video3,Movie on 13-08-2026 at 20.20(1).mov,16,16,0.533,0.533333,0.333,clear,39,bottle,408.0,363.0,447.0,422.0,False,,,,,,,,,,,False,False,False,False,False,False,no_unambiguous_nearby_detection_pm5
video3/v03_20-20_f00048_t01.60_moderate_blur/gt000,video3,Movie on 13-08-2026 at 20.20(1).mov,48,48,1.6,1.6,0.0,moderate_blur,24,backpack,172.0,265.0,339.0,397.0,False,,,,,,,,,,,False,False,False,False,False,False,no_unambiguous_nearby_detection_pm5
video3/v03_20-20_f00048_t01.60_moderate_blur/gt001,video3,Movie on 13-08-2026 at 20.20(1).mov,48,48,1.6,1.6,0.0,moderate_blur,39,bottle,92.0,222.0,131.0,283.0,False,,,,,,,,,,,False,False,False,False,False,False,no_unambiguous_nearby_detection_pm5
video3/v03_20-20_f00048_t01.60_moderate_blur/gt002,video3,Movie on 13-08-2026 at 20.20(1).mov,48,48,1.6,1.6,0.0,moderate_blur,0,person,392.0,5.0,525.0,125.0,False,,,,,,,,,,,False,False,False,False,False,False,no_unambiguous_nearby_detection_pm5
video3/v03_20-20_f00048_t01.60_moderate_blur/gt003,video3,Movie on 13-08-2026 at 20.20(1).mov,48,48,1.6,1.6,0.0,moderate_blur,0,person,360.0,4.0,489.0,344.0,False,,,,,,,,,,,False,False,False,False,False,False,no_unambiguous_nearby_detection_pm5
video3/v03_20-20_f00048_t01.60_moderate_blur/gt004,video3,Movie on 13-08-2026 at 20.20(1).mov,48,48,1.6,1.6,0.0,moderate_blur,56,chair,519.0,152.0,616.0,368.0,False,,,,,,,,,,,False,False,False,False,False,False,no_unambiguous_nearby_detection_pm5
video3/v03_20-20_f00048_t01.60_moderate_blur/gt005,video3,Movie on 13-08-2026 at 20.20(1).mov,48,48,1.6,1.6,0.0,moderate_blur,56,chair,473.0,147.0,534.0,314.0,False,,,,,,,,,,,False,False,False,False,False,False,no_unambiguous_nearby_detection_pm5
video3/v03_20-20_f00064_t02.13_clear/gt000,video3,Movie on 13-08-2026 at 20.20(1).mov,64,64,2.133,2.133333,0.333,clear,24,backpack,323.0,1.0,638.0,228.0,False,,,,,,,,,,,False,False,False,False,False,False,no_unambiguous_nearby_detection_pm5
video3/v03_20-20_f00064_t02.13_clear/gt001,video3,Movie on 13-08-2026 at 20.20(1).mov,64,64,2.133,2.133333,0.333,clear,0,person,323.0,1.0,638.0,229.0,False,,,,,,66,2,2.2,0.1898,2,False,True,True,False,False,False,
video3/v03_20-20_f00064_t02.13_clear/gt002,video3,Movie on 13-08-2026 at 20.20(1).mov,64,64,2.133,2.133333,0.333,clear,56,chair,173.0,151.0,640.0,426.0,False,,,,,,,,,,,False,False,False,False,False,False,no_unambiguous_nearby_detection_pm5
video3/v03_20-20_f00064_t02.13_clear/gt003,video3,Movie on 13-08-2026 at 20.20(1).mov,64,64,2.133,2.133333,0.333,clear,0,person,3.0,3.0,71.0,192.0,False,,,,,,,,,,,False,False,False,False,False,False,no_unambiguous_nearby_detection_pm5
video3/v03_20-20_f00064_t02.13_clear/gt004,video3,Movie on 13-08-2026 at 20.20(1).mov,64,64,2.133,2.133333,0.333,clear,56,chair,103.0,9.0,218.0,207.0,False,,,,,,66,2,2.2,0.2514,2,False,True,True,False,False,False,
video3/v03_20-20_f00064_t02.13_clear/gt005,video3,Movie on 13-08-2026 at 20.20(1).mov,64,64,2.133,2.133333,0.333,clear,56,chair,76.0,7.0,129.0,183.0,False,,,,,,,,,,,False,False,False,False,False,False,no_unambiguous_nearby_detection_pm5
video3/v03_20-20_f00064_t02.13_clear/gt006,video3,Movie on 13-08-2026 at 20.20(1).mov,64,64,2.133,2.133333,0.333,clear,60,dining table,140.0,12.0,368.0,157.0,False,,,,,,,,,,,False,False,False,False,False,False,no_unambiguous_nearby_detection_pm5
video3/v03_20-20_f00080_t02.67_moderate_blur/gt000,video3,Movie on 13-08-2026 at 20.20(1).mov,80,80,2.667,2.666667,-0.333,moderate_blur,24,backpack,24.0,255.0,239.0,426.0,False,,,,,,,,,,,False,False,False,False,False,False,no_unambiguous_nearby_detection_pm5
video3/v03_20-20_f00080_t02.67_moderate_blur/gt001,video3,Movie on 13-08-2026 at 20.20(1).mov,80,80,2.667,2.666667,-0.333,moderate_blur,56,chair,391.0,155.0,511.0,422.0,False,,,,,,,,,,,False,False,False,False,False,False,no_unambiguous_nearby_detection_pm5
video3/v03_20-20_f00080_t02.67_moderate_blur/gt002,video3,Movie on 13-08-2026 at 20.20(1).mov,80,80,2.667,2.666667,-0.333,moderate_blur,56,chair,348.0,135.0,426.0,365.0,False,,,,,,,,,,,False,False,False,False,False,False,no_unambiguous_nearby_detection_pm5
video3/v03_20-20_f00080_t02.67_moderate_blur/gt003,video3,Movie on 13-08-2026 at 20.20(1).mov,80,80,2.667,2.666667,-0.333,moderate_blur,0,person,267.0,4.0,433.0,138.0,False,,,,,,,,,,,False,False,False,False,False,False,no_unambiguous_nearby_detection_pm5
video3/v03_20-20_f00080_t02.67_moderate_blur/gt004,video3,Movie on 13-08-2026 at 20.20(1).mov,80,80,2.667,2.666667,-0.333,moderate_blur,0,person,246.0,10.0,353.0,387.0,False,,,,,,,,,,,False,False,False,False,False,False,no_unambiguous_nearby_detection_pm5
video3/v03_20-20_f00080_t02.67_moderate_blur/gt005,video3,Movie on 13-08-2026 at 20.20(1).mov,80,80,2.667,2.666667,-0.333,moderate_blur,60,dining table,374.0,128.0,640.0,353.0,False,,,,,,,,,,,False,False,False,False,False,False,no_unambiguous_nearby_detection_pm5
video3/v03_20-20_f00097_t03.23_clear/gt000,video3,Movie on 13-08-2026 at 20.20(1).mov,97,97,3.233,3.233333,0.333,clear,0,person,531.0,103.0,640.0,419.0,True,0.6757,96,-1,3.2,0.7102,98,1,3.266667,0.2199,1,False,False,False,False,False,False,raw_detected;ambiguous_offsets=-1|+3|+4|+5
video3/v03_20-20_f00097_t03.23_clear/gt001,video3,Movie on 13-08-2026 at 20.20(1).mov,97,97,3.233,3.233333,0.333,clear,24,backpack,101.0,163.0,212.0,299.0,False,,,,,,,,,,,False,False,False,False,False,False,no_unambiguous_nearby_detection_pm5
video3/v03_20-20_f00097_t03.23_clear/gt002,video3,Movie on 13-08-2026 at 20.20(1).mov,97,97,3.233,3.233333,0.333,clear,56,chair,1.0,3.0,204.0,416.0,False,,,,,,,,,,,False,False,False,False,False,False,no_unambiguous_nearby_detection_pm5
video3/v03_20-20_f00097_t03.23_clear/gt003,video3,Movie on 13-08-2026 at 20.20(1).mov,97,97,3.233,3.233333,0.333,clear,0,person,538.0,126.0,613.0,262.0,True,0.2502,96,-1,3.2,0.2882,,,,,1,False,False,False,False,False,False,raw_detected;ambiguous_offsets=-1|+1|-2|+2|+3|+4|+5
video3/v03_20-20_f00097_t03.23_clear/gt004,video3,Movie on 13-08-2026 at 20.20(1).mov,97,97,3.233,3.233333,0.333,clear,0,person,537.0,148.0,599.0,261.0,False,,,,,,,,,,,False,False,False,True,True,True,ambiguous_offsets=-1|+2|+3|+4|+5;no_unambiguous_nearby_detection_pm5
video3/v03_20-20_f00097_t03.23_clear/gt005,video3,Movie on 13-08-2026 at 20.20(1).mov,97,97,3.233,3.233333,0.333,clear,39,bottle,244.0,342.0,288.0,413.0,False,,,,,,,,,,,False,False,False,False,False,False,no_unambiguous_nearby_detection_pm5
video3/v03_20-20_f00113_t03.77_severe_blur/gt000,video3,Movie on 13-08-2026 at 20.20(1).mov,113,113,3.767,3.766667,-0.333,severe_blur,0,person,336.0,4.0,567.0,278.0,False,,,,,,,,,,,False,False,False,False,False,False,no_unambiguous_nearby_detection_pm5
video3/v03_20-20_f00113_t03.77_severe_blur/gt001,video3,Movie on 13-08-2026 at 20.20(1).mov,113,113,3.767,3.766667,-0.333,severe_blur,0,person,321.0,91.0,476.0,401.0,False,,,,,,,,,,,False,False,False,False,False,False,no_unambiguous_nearby_detection_pm5
video3/v03_20-20_f00113_t03.77_severe_blur/gt002,video3,Movie on 13-08-2026 at 20.20(1).mov,113,113,3.767,3.766667,-0.333,severe_blur,24,backpack,46.0,307.0,272.0,426.0,False,,,,,,,,,,,False,False,False,False,False,False,no_unambiguous_nearby_detection_pm5
video3/v03_20-20_f00113_t03.77_severe_blur/gt003,video3,Movie on 13-08-2026 at 20.20(1).mov,113,113,3.767,3.766667,-0.333,severe_blur,39,bottle,3.0,247.0,41.0,324.0,False,,,,,,,,,,,False,False,False,False,False,False,no_unambiguous_nearby_detection_pm5
video3/v03_20-20_f00113_t03.77_severe_blur/gt004,video3,Movie on 13-08-2026 at 20.20(1).mov,113,113,3.767,3.766667,-0.333,severe_blur,56,chair,499.0,225.0,616.0,422.0,False,,,,,,,,,,,False,False,False,False,False,False,no_unambiguous_nearby_detection_pm5
video3/v03_20-20_f00113_t03.77_severe_blur/gt005,video3,Movie on 13-08-2026 at 20.20(1).mov,113,113,3.767,3.766667,-0.333,severe_blur,56,chair,460.0,220.0,540.0,373.0,False,,,,,,,,,,,False,False,False,False,False,False,no_unambiguous_nearby_detection_pm5
video3/v03_20-20_f00145_t04.83_moderate_blur/gt000,video3,Movie on 13-08-2026 at 20.20(1).mov,145,145,4.833,4.833333,0.333,moderate_blur,0,person,392.0,5.0,614.0,226.0,False,,,,,,,,,,,False,False,False,False,False,False,no_unambiguous_nearby_detection_pm5
video3/v03_20-20_f00145_t04.83_moderate_blur/gt001,video3,Movie on 13-08-2026 at 20.20(1).mov,145,145,4.833,4.833333,0.333,moderate_blur,0,person,352.0,115.0,531.0,426.0,False,,,,,,,,,,,False,False,False,False,False,False,no_unambiguous_nearby_detection_pm5
video3/v03_20-20_f00145_t04.83_moderate_blur/gt002,video3,Movie on 13-08-2026 at 20.20(1).mov,145,145,4.833,4.833333,0.333,moderate_blur,56,chair,518.0,248.0,635.0,426.0,False,,,,,,,,,,,False,False,False,False,False,False,no_unambiguous_nearby_detection_pm5
video3/v03_20-20_f00145_t04.83_moderate_blur/gt003,video3,Movie on 13-08-2026 at 20.20(1).mov,145,145,4.833,4.833333,0.333,moderate_blur,56,chair,464.0,249.0,556.0,407.0,False,,,,,,,,,,,False,False,False,False,False,False,no_unambiguous_nearby_detection_pm5
video3/v03_20-20_f00145_t04.83_moderate_blur/gt004,video3,Movie on 13-08-2026 at 20.20(1).mov,145,145,4.833,4.833333,0.333,moderate_blur,24,backpack,50.0,367.0,200.0,426.0,False,,,,,,,,,,,False,False,False,False,False,False,no_unambiguous_nearby_detection_pm5
video3/v03_20-20_f00161_t05.37_moderate_blur/gt000,video3,Movie on 13-08-2026 at 20.20(1).mov,161,161,5.367,5.366667,-0.333,moderate_blur,24,backpack,111.0,251.0,304.0,422.0,False,,,,,,,,,,,False,False,False,False,False,False,no_unambiguous_nearby_detection_pm5
video3/v03_20-20_f00161_t05.37_moderate_blur/gt001,video3,Movie on 13-08-2026 at 20.20(1).mov,161,161,5.367,5.366667,-0.333,moderate_blur,56,chair,39.0,41.0,126.0,191.0,False,,160,-1,5.333333,0.2131,,,,,1,True,True,True,False,False,False,
video3/v03_20-20_f00161_t05.37_moderate_blur/gt002,video3,Movie on 13-08-2026 at 20.20(1).mov,161,161,5.367,5.366667,-0.333,moderate_blur,60,dining table,5.0,4.0,146.0,68.0,False,,,,,,,,,,,False,False,False,False,False,False,no_unambiguous_nearby_detection_pm5
video3/v03_20-20_f00177_t05.90_moderate_blur/gt000,video3,Movie on 13-08-2026 at 20.20(1).mov,177,177,5.9,5.9,0.0,moderate_blur,0,person,347.0,4.0,639.0,360.0,False,,,,,,,,,,,False,False,False,False,False,False,no_unambiguous_nearby_detection_pm5
video3/v03_20-20_f00177_t05.90_moderate_blur/gt001,video3,Movie on 13-08-2026 at 20.20(1).mov,177,177,5.9,5.9,0.0,moderate_blur,0,person,297.0,86.0,507.0,426.0,False,,,,,,,,,,,False,False,False,False,False,False,no_unambiguous_nearby_detection_pm5
video3/v03_20-20_f00177_t05.90_moderate_blur/gt002,video3,Movie on 13-08-2026 at 20.20(1).mov,177,177,5.9,5.9,0.0,moderate_blur,56,chair,483.0,258.0,591.0,403.0,False,,,,,,,,,,,False,False,False,False,False,False,no_unambiguous_nearby_detection_pm5
video3/v03_20-20_f00210_t07.00_severe_blur/gt000,video3,Movie on 13-08-2026 at 20.20(1).mov,210,210,7.0,7.0,0.0,severe_blur,0,person,20.0,3.0,265.0,375.0,False,,,,,,,,,,,False,False,False,False,False,False,no_unambiguous_nearby_detection_pm5
video3/v03_20-20_f00210_t07.00_severe_blur/gt001,video3,Movie on 13-08-2026 at 20.20(1).mov,210,210,7.0,7.0,0.0,severe_blur,56,chair,261.0,116.0,436.0,415.0,False,,,,,,,,,,,False,False,False,False,False,False,no_unambiguous_nearby_detection_pm5
video3/v03_20-20_f00210_t07.00_severe_blur/gt002,video3,Movie on 13-08-2026 at 20.20(1).mov,210,210,7.0,7.0,0.0,severe_blur,56,chair,176.0,70.0,289.0,312.0,False,,,,,,,,,,,False,False,False,False,False,False,no_unambiguous_nearby_detection_pm5
video3/v03_20-20_f00210_t07.00_severe_blur/gt003,video3,Movie on 13-08-2026 at 20.20(1).mov,210,210,7.0,7.0,0.0,severe_blur,56,chair,204.0,73.0,639.0,416.0,False,,,,,,,,,,,False,False,False,False,False,False,no_unambiguous_nearby_detection_pm5
video3/v03_20-20_f00210_t07.00_severe_blur/gt004,video3,Movie on 13-08-2026 at 20.20(1).mov,210,210,7.0,7.0,0.0,severe_blur,60,dining table,218.0,80.0,636.0,415.0,False,,,,,,,,,,,False,False,False,False,False,False,no_unambiguous_nearby_detection_pm5
video3/v03_20-20_f00242_t08.07_severe_blur/gt000,video3,Movie on 13-08-2026 at 20.20(1).mov,242,242,8.067,8.066667,-0.333,severe_blur,24,backpack,73.0,285.0,306.0,423.0,False,,,,,,,,,,,False,False,False,False,False,False,no_unambiguous_nearby_detection_pm5
video4/v04_20-21_f00000_t00.00_clear/gt000,video4,Movie on 13-08-2026 at 20.21(1).mov,0,0,0.0,0.0,0.0,clear,0,person,225.0,1.0,347.0,176.0,True,0.8125,,,,,1,1,0.033333,0.7751,1,False,False,False,False,False,False,raw_detected;ambiguous_offsets=+5
video4/v04_20-21_f00000_t00.00_clear/gt001,video4,Movie on 13-08-2026 at 20.21(1).mov,0,0,0.0,0.0,0.0,clear,0,person,441.0,1.0,639.0,396.0,True,0.4138,,,,,1,1,0.033333,0.2314,1,False,False,False,False,False,False,raw_detected
video4/v04_20-21_f00000_t00.00_clear/gt002,video4,Movie on 13-08-2026 at 20.21(1).mov,0,0,0.0,0.0,0.0,clear,56,chair,532.0,286.0,640.0,421.0,False,,,,,,,,,,,False,False,False,False,False,False,no_unambiguous_nearby_detection_pm5
video4/v04_20-21_f00000_t00.00_clear/gt003,video4,Movie on 13-08-2026 at 20.21(1).mov,0,0,0.0,0.0,0.0,clear,39,bottle,3.0,89.0,31.0,147.0,False,,,,,,,,,,,False,False,False,False,False,False,no_unambiguous_nearby_detection_pm5
video4/v04_20-21_f00000_t00.00_clear/gt004,video4,Movie on 13-08-2026 at 20.21(1).mov,0,0,0.0,0.0,0.0,clear,56,chair,351.0,12.0,493.0,185.0,False,,,,,,1,1,0.033333,0.1552,1,True,True,True,False,False,False,
video4/v04_20-21_f00000_t00.00_clear/gt005,video4,Movie on 13-08-2026 at 20.21(1).mov,0,0,0.0,0.0,0.0,clear,56,chair,492.0,124.0,640.0,418.0,False,,,,,,,,,,,False,False,False,False,False,False,no_unambiguous_nearby_detection_pm5
video4/v04_20-21_f00000_t00.00_clear/gt006,video4,Movie on 13-08-2026 at 20.21(1).mov,0,0,0.0,0.0,0.0,clear,24,backpack,60.0,120.0,275.0,232.0,False,,,,,,,,,,,False,False,False,False,False,False,no_unambiguous_nearby_detection_pm5
video4/v04_20-21_f00000_t00.00_clear/gt007,video4,Movie on 13-08-2026 at 20.21(1).mov,0,0,0.0,0.0,0.0,clear,56,chair,383.0,30.0,493.0,182.0,False,,,,,,,,,,,False,False,False,True,True,True,ambiguous_offsets=+1|+3|+4;no_unambiguous_nearby_detection_pm5
video4/v04_20-21_f00038_t01.27_clear/gt000,video4,Movie on 13-08-2026 at 20.21(1).mov,38,38,1.267,1.266667,-0.333,clear,0,person,287.0,2.0,439.0,215.0,True,0.8585,35,-3,1.166667,0.7349,39,1,1.3,0.1609,1,False,False,False,False,False,False,raw_detected;ambiguous_offsets=-1|+1|+2|-3|+5
video4/v04_20-21_f00038_t01.27_clear/gt001,video4,Movie on 13-08-2026 at 20.21(1).mov,38,38,1.267,1.266667,-0.333,clear,24,backpack,119.0,141.0,327.0,260.0,False,,,,,,,,,,,False,False,False,False,False,False,no_unambiguous_nearby_detection_pm5
video4/v04_20-21_f00038_t01.27_clear/gt002,video4,Movie on 13-08-2026 at 20.21(1).mov,38,38,1.267,1.266667,-0.333,clear,39,bottle,66.0,101.0,100.0,161.0,False,,,,,,,,,,,False,False,False,False,False,False,no_unambiguous_nearby_detection_pm5
video4/v04_20-21_f00038_t01.27_clear/gt003,video4,Movie on 13-08-2026 at 20.21(1).mov,38,38,1.267,1.266667,-0.333,clear,24,backpack,480.0,148.0,640.0,420.0,False,,,,,,,,,,,False,False,False,False,False,False,no_unambiguous_nearby_detection_pm5
video4/v04_20-21_f00038_t01.27_clear/gt004,video4,Movie on 13-08-2026 at 20.21(1).mov,38,38,1.267,1.266667,-0.333,clear,56,chair,385.0,14.0,581.0,247.0,False,,,,,,43,5,1.433333,0.2857,5,False,False,True,False,False,False,
video4/v04_20-21_f00038_t01.27_clear/gt005,video4,Movie on 13-08-2026 at 20.21(1).mov,38,38,1.267,1.266667,-0.333,clear,0,person,479.0,6.0,640.0,419.0,True,0.2803,37,-1,1.233333,0.4354,39,1,1.3,0.3396,1,False,False,False,False,False,False,raw_detected;ambiguous_offsets=+1|-3|+3|+4|+5
video4/v04_20-21_f00038_t01.27_clear/gt006,video4,Movie on 13-08-2026 at 20.21(1).mov,38,38,1.267,1.266667,-0.333,clear,56,chair,449.0,22.0,557.0,224.0,False,,,,,,,,,,,False,False,False,False,False,True,ambiguous_offsets=+5;no_unambiguous_nearby_detection_pm5
video4/v04_20-21_f00038_t01.27_clear/gt007,video4,Movie on 13-08-2026 at 20.21(1).mov,38,38,1.267,1.266667,-0.333,clear,56,chair,397.0,23.0,457.0,199.0,False,,,,,,,,,,,False,False,False,False,False,True,ambiguous_offsets=+5;no_unambiguous_nearby_detection_pm5
video4/v04_20-21_f00076_t02.53_clear/gt000,video4,Movie on 13-08-2026 at 20.21(1).mov,76,76,2.533,2.533333,0.333,clear,0,person,138.0,1.0,238.0,101.0,True,0.8806,75,-1,2.5,0.8465,77,1,2.566667,0.8867,1,False,False,False,False,False,False,raw_detected
video4/v04_20-21_f00076_t02.53_clear/gt001,video4,Movie on 13-08-2026 at 20.21(1).mov,76,76,2.533,2.533333,0.333,clear,0,person,378.0,1.0,518.0,300.0,False,,,,,,,,,,,False,False,False,False,False,False,no_unambiguous_nearby_detection_pm5
video4/v04_20-21_f00076_t02.53_clear/gt002,video4,Movie on 13-08-2026 at 20.21(1).mov,76,76,2.533,2.533333,0.333,clear,56,chair,421.0,2.0,639.0,413.0,False,,,,,,,,,,,False,False,False,False,False,False,no_unambiguous_nearby_detection_pm5
video4/v04_20-21_f00076_t02.53_clear/gt003,video4,Movie on 13-08-2026 at 20.21(1).mov,76,76,2.533,2.533333,0.333,clear,24,backpack,11.0,74.0,196.0,180.0,False,,,,,,,,,,,False,False,False,False,False,False,no_unambiguous_nearby_detection_pm5
video4/v04_20-21_f00076_t02.53_clear/gt004,video4,Movie on 13-08-2026 at 20.21(1).mov,76,76,2.533,2.533333,0.333,clear,56,chair,258.0,2.0,363.0,87.0,False,,,,,,,,,,,False,False,False,True,True,True,ambiguous_offsets=+1;no_unambiguous_nearby_detection_pm5
video4/v04_20-21_f00076_t02.53_clear/gt005,video4,Movie on 13-08-2026 at 20.21(1).mov,76,76,2.533,2.533333,0.333,clear,56,chair,458.0,166.0,640.0,335.0,False,,,,,,,,,,,False,False,False,False,False,False,no_unambiguous_nearby_detection_pm5
video4/v04_20-21_f00076_t02.53_clear/gt006,video4,Movie on 13-08-2026 at 20.21(1).mov,76,76,2.533,2.533333,0.333,clear,56,chair,274.0,2.0,342.0,86.0,False,,,,,,,,,,,False,False,False,True,True,True,ambiguous_offsets=+1;no_unambiguous_nearby_detection_pm5
video4/v04_20-21_f00076_t02.53_clear/gt007,video4,Movie on 13-08-2026 at 20.21(1).mov,76,76,2.533,2.533333,0.333,clear,56,chair,418.0,126.0,639.0,415.0,False,,,,,,,,,,,False,False,False,False,False,False,no_unambiguous_nearby_detection_pm5
video4/v04_20-21_f00076_t02.53_clear/gt008,video4,Movie on 13-08-2026 at 20.21(1).mov,76,76,2.533,2.533333,0.333,clear,56,chair,254.0,1.0,333.0,85.0,False,,,,,,77,1,2.566667,0.1665,1,True,True,True,False,False,False,
video4/v04_20-21_f00076_t02.53_clear/gt009,video4,Movie on 13-08-2026 at 20.21(1).mov,76,76,2.533,2.533333,0.333,clear,56,chair,453.0,165.0,640.0,403.0,False,,,,,,,,,,,False,False,False,False,False,False,no_unambiguous_nearby_detection_pm5
video4/v04_20-21_f00114_t03.80_moderate_blur/gt000,video4,Movie on 13-08-2026 at 20.21(1).mov,114,114,3.8,3.8,0.0,moderate_blur,0,person,171.0,1.0,269.0,120.0,True,0.8419,113,-1,3.766667,0.8337,115,1,3.833333,0.6603,1,False,False,False,False,False,False,raw_detected
video4/v04_20-21_f00114_t03.80_moderate_blur/gt001,video4,Movie on 13-08-2026 at 20.21(1).mov,114,114,3.8,3.8,0.0,moderate_blur,56,chair,291.0,1.0,442.0,124.0,True,0.4391,113,-1,3.766667,0.3286,,,,,1,False,False,False,False,False,False,raw_detected;ambiguous_offsets=-3|-4
video4/v04_20-21_f00114_t03.80_moderate_blur/gt002,video4,Movie on 13-08-2026 at 20.21(1).mov,114,114,3.8,3.8,0.0,moderate_blur,0,person,398.0,11.0,573.0,323.0,False,,,,,,,,,,,False,False,False,False,False,False,no_unambiguous_nearby_detection_pm5
video4/v04_20-21_f00114_t03.80_moderate_blur/gt003,video4,Movie on 13-08-2026 at 20.21(1).mov,114,114,3.8,3.8,0.0,moderate_blur,56,chair,434.0,1.0,639.0,415.0,False,,,,,,,,,,,False,False,False,False,True,True,ambiguous_offsets=+2|-4;no_unambiguous_nearby_detection_pm5
video4/v04_20-21_f00114_t03.80_moderate_blur/gt004,video4,Movie on 13-08-2026 at 20.21(1).mov,114,114,3.8,3.8,0.0,moderate_blur,16,dog,8.0,81.0,226.0,188.0,False,,,,,,,,,,,False,False,False,False,False,False,no_unambiguous_nearby_detection_pm5
video4/v04_20-21_f00114_t03.80_moderate_blur/gt005,video4,Movie on 13-08-2026 at 20.21(1).mov,114,114,3.8,3.8,0.0,moderate_blur,24,backpack,8.0,81.0,226.0,187.0,False,,,,,,,,,,,False,False,False,False,False,False,no_unambiguous_nearby_detection_pm5
video4/v04_20-21_f00114_t03.80_moderate_blur/gt006,video4,Movie on 13-08-2026 at 20.21(1).mov,114,114,3.8,3.8,0.0,moderate_blur,56,chair,491.0,217.0,640.0,387.0,False,,,,,,116,2,3.866667,0.1769,2,False,True,True,False,False,False,
video4/v04_20-21_f00114_t03.80_moderate_blur/gt007,video4,Movie on 13-08-2026 at 20.21(1).mov,114,114,3.8,3.8,0.0,moderate_blur,0,person,530.0,1.0,581.0,52.0,False,,,,,,,,,,,False,False,False,False,False,False,no_unambiguous_nearby_detection_pm5
video4/v04_20-21_f00152_t05.07_moderate_blur/gt000,video4,Movie on 13-08-2026 at 20.21(1).mov,152,152,5.067,5.066667,-0.333,moderate_blur,0,person,375.0,2.0,535.0,211.0,False,,,,,,156,4,5.2,0.4537,4,False,False,True,False,False,False,
video4/v04_20-21_f00152_t05.07_moderate_blur/gt001,video4,Movie on 13-08-2026 at 20.21(1).mov,152,152,5.067,5.066667,-0.333,moderate_blur,39,bottle,163.0,119.0,200.0,180.0,False,,,,,,,,,,,False,False,False,False,False,False,no_unambiguous_nearby_detection_pm5
video4/v04_20-21_f00152_t05.07_moderate_blur/gt002,video4,Movie on 13-08-2026 at 20.21(1).mov,152,152,5.067,5.066667,-0.333,moderate_blur,56,chair,461.0,12.0,640.0,304.0,False,,,,,,,,,,,False,False,False,False,False,False,no_unambiguous_nearby_detection_pm5
video4/v04_20-21_f00152_t05.07_moderate_blur/gt003,video4,Movie on 13-08-2026 at 20.21(1).mov,152,152,5.067,5.066667,-0.333,moderate_blur,56,chair,4.0,3.0,200.0,419.0,False,,,,,,,,,,,False,False,False,False,False,False,no_unambiguous_nearby_detection_pm5
video4/v04_20-21_f00152_t05.07_moderate_blur/gt004,video4,Movie on 13-08-2026 at 20.21(1).mov,152,152,5.067,5.066667,-0.333,moderate_blur,24,backpack,242.0,162.0,414.0,294.0,False,,,,,,,,,,,False,False,False,False,False,False,no_unambiguous_nearby_detection_pm5
video4/v04_20-21_f00152_t05.07_moderate_blur/gt005,video4,Movie on 13-08-2026 at 20.21(1).mov,152,152,5.067,5.066667,-0.333,moderate_blur,56,chair,531.0,51.0,631.0,274.0,False,,,,,,,,,,,False,False,False,False,False,False,no_unambiguous_nearby_detection_pm5
video4/v04_20-21_f00190_t06.33_moderate_blur/gt000,video4,Movie on 13-08-2026 at 20.21(1).mov,190,190,6.333,6.333333,0.333,moderate_blur,0,person,192.0,1.0,384.0,395.0,False,,,,,,192,2,6.4,0.1736,2,False,True,True,False,False,False,
video4/v04_20-21_f00190_t06.33_moderate_blur/gt001,video4,Movie on 13-08-2026 at 20.21(1).mov,190,190,6.333,6.333333,0.333,moderate_blur,0,person,1.0,3.0,57.0,94.0,False,,,,,,,,,,,False,False,False,False,False,False,no_unambiguous_nearby_detection_pm5
video4/v04_20-21_f00190_t06.33_moderate_blur/gt002,video4,Movie on 13-08-2026 at 20.21(1).mov,190,190,6.333,6.333333,0.333,moderate_blur,56,chair,311.0,8.0,640.0,426.0,False,,,,,,,,,,,False,False,False,False,False,False,no_unambiguous_nearby_detection_pm5
video4/v04_20-21_f00228_t07.60_severe_blur/gt000,video4,Movie on 13-08-2026 at 20.21(1).mov,228,228,7.6,7.6,0.0,severe_blur,0,person,313.0,77.0,582.0,414.0,False,,,,,,,,,,,False,False,False,False,False,False,no_unambiguous_nearby_detection_pm5
video4/v04_20-21_f00228_t07.60_severe_blur/gt001,video4,Movie on 13-08-2026 at 20.21(1).mov,228,228,7.6,7.6,0.0,severe_blur,0,person,316.0,1.0,618.0,426.0,False,,,,,,,,,,,False,False,False,False,False,False,no_unambiguous_nearby_detection_pm5
video4/v04_20-21_f00228_t07.60_severe_blur/gt002,video4,Movie on 13-08-2026 at 20.21(1).mov,228,228,7.6,7.6,0.0,severe_blur,0,person,20.0,1.0,164.0,168.0,False,,,,,,,,,,,False,False,False,False,False,False,no_unambiguous_nearby_detection_pm5
video4/v04_20-21_f00228_t07.60_severe_blur/gt003,video4,Movie on 13-08-2026 at 20.21(1).mov,228,228,7.6,7.6,0.0,severe_blur,24,backpack,1.0,111.0,67.0,232.0,False,,,,,,,,,,,False,False,False,False,False,False,no_unambiguous_nearby_detection_pm5
video4/v04_20-21_f00266_t08.87_clear/gt000,video4,Movie on 13-08-2026 at 20.21(1).mov,266,266,8.867,8.866667,-0.333,clear,0,person,303.0,2.0,463.0,218.0,True,0.4501,265,-1,8.833333,0.4211,267,1,8.9,0.5498,1,False,False,False,False,False,False,raw_detected;ambiguous_offsets=-2|-4
video4/v04_20-21_f00266_t08.87_clear/gt001,video4,Movie on 13-08-2026 at 20.21(1).mov,266,266,8.867,8.866667,-0.333,clear,24,backpack,76.0,187.0,371.0,356.0,False,,,,,,,,,,,False,False,False,False,False,False,no_unambiguous_nearby_detection_pm5
video4/v04_20-21_f00266_t08.87_clear/gt002,video4,Movie on 13-08-2026 at 20.21(1).mov,266,266,8.867,8.866667,-0.333,clear,56,chair,463.0,3.0,640.0,249.0,False,,,,,,267,1,8.9,0.1517,1,True,True,True,False,True,True,ambiguous_offsets=-3|-4
video4/v04_20-21_f00266_t08.87_clear/gt003,video4,Movie on 13-08-2026 at 20.21(1).mov,266,266,8.867,8.866667,-0.333,clear,39,bottle,10.0,138.0,45.0,219.0,False,,263,-3,8.766667,0.1507,,,,,3,False,True,True,False,False,False,
video4/v04_20-21_f00266_t08.87_clear/gt004,video4,Movie on 13-08-2026 at 20.21(1).mov,266,266,8.867,8.866667,-0.333,clear,56,chair,535.0,5.0,640.0,256.0,False,,263,-3,8.766667,0.1571,,,,,3,False,True,True,True,True,True,ambiguous_offsets=+1|-3
video4/v04_20-21_f00304_t10.13_severe_blur/gt000,video4,Movie on 13-08-2026 at 20.21(1).mov,304,304,10.133,10.133333,0.333,severe_blur,24,backpack,1.0,201.0,187.0,417.0,False,,,,,,,,,,,False,False,False,False,False,False,no_unambiguous_nearby_detection_pm5
video4/v04_20-21_f00304_t10.13_severe_blur/gt001,video4,Movie on 13-08-2026 at 20.21(1).mov,304,304,10.133,10.133333,0.333,severe_blur,0,person,124.0,3.0,267.0,254.0,False,,,,,,,,,,,False,False,False,False,False,False,no_unambiguous_nearby_detection_pm5
video4/v04_20-21_f00304_t10.13_severe_blur/gt002,video4,Movie on 13-08-2026 at 20.21(1).mov,304,304,10.133,10.133333,0.333,severe_blur,56,chair,360.0,6.0,496.0,246.0,False,,,,,,,,,,,False,False,False,False,False,False,no_unambiguous_nearby_detection_pm5
video4/v04_20-21_f00304_t10.13_severe_blur/gt003,video4,Movie on 13-08-2026 at 20.21(1).mov,304,304,10.133,10.133333,0.333,severe_blur,56,chair,279.0,3.0,385.0,225.0,False,,,,,,,,,,,False,False,False,False,False,False,no_unambiguous_nearby_detection_pm5
video4/v04_20-21_f00304_t10.13_severe_blur/gt004,video4,Movie on 13-08-2026 at 20.21(1).mov,304,304,10.133,10.133333,0.333,severe_blur,60,dining table,420.0,1.0,640.0,108.0,False,,,,,,,,,,,False,False,False,False,False,False,no_unambiguous_nearby_detection_pm5
video4/v04_20-21_f00342_t11.40_severe_blur/gt000,video4,Movie on 13-08-2026 at 20.21(1).mov,342,342,11.4,11.4,0.0,severe_blur,0,person,302.0,2.0,546.0,322.0,False,,,,,,,,,,,False,False,False,True,True,True,ambiguous_offsets=+1|+2|+3|+4|+5;no_unambiguous_nearby_detection_pm5
video4/v04_20-21_f00342_t11.40_severe_blur/gt001,video4,Movie on 13-08-2026 at 20.21(1).mov,342,342,11.4,11.4,0.0,severe_blur,0,person,303.0,3.0,466.0,324.0,True,0.4117,,,,,344,2,11.466667,0.3093,2,False,False,False,False,False,False,raw_detected;ambiguous_offsets=+1|+4|+5
video4/v04_20-21_f00342_t11.40_severe_blur/gt002,video4,Movie on 13-08-2026 at 20.21(1).mov,342,342,11.4,11.4,0.0,severe_blur,24,backpack,58.0,302.0,387.0,421.0,False,,,,,,,,,,,False,False,False,False,False,False,no_unambiguous_nearby_detection_pm5
video4/v04_20-21_f00342_t11.40_severe_blur/gt003,video4,Movie on 13-08-2026 at 20.21(1).mov,342,342,11.4,11.4,0.0,severe_blur,56,chair,555.0,6.0,640.0,234.0,False,,,,,,,,,,,False,False,False,False,False,False,no_unambiguous_nearby_detection_pm5
video4/v04_20-21_f00342_t11.40_severe_blur/gt004,video4,Movie on 13-08-2026 at 20.21(1).mov,342,342,11.4,11.4,0.0,severe_blur,56,chair,506.0,3.0,640.0,233.0,False,,,,,,,,,,,False,False,False,False,False,False,no_unambiguous_nearby_detection_pm5
video4/v04_20-21_f00342_t11.40_severe_blur/gt005,video4,Movie on 13-08-2026 at 20.21(1).mov,342,342,11.4,11.4,0.0,severe_blur,56,chair,496.0,6.0,589.0,179.0,False,,,,,,,,,,,False,False,False,False,False,False,no_unambiguous_nearby_detection_pm5
video4/v04_20-21_f00342_t11.40_severe_blur/gt006,video4,Movie on 13-08-2026 at 20.21(1).mov,342,342,11.4,11.4,0.0,severe_blur,0,person,553.0,2.0,640.0,231.0,False,,,,,,,,,,,False,False,False,False,False,False,no_unambiguous_nearby_detection_pm5
video4/v04_20-21_f00380_t12.67_moderate_blur/gt000,video4,Movie on 13-08-2026 at 20.21(1).mov,380,380,12.667,12.666667,-0.333,moderate_blur,0,person,537.0,5.0,640.0,392.0,True,0.3336,379,-1,12.633333,0.2354,381,1,12.7,0.3532,1,False,False,False,False,False,False,raw_detected;ambiguous_offsets=-3
video4/v04_20-21_f00380_t12.67_moderate_blur/gt001,video4,Movie on 13-08-2026 at 20.21(1).mov,380,380,12.667,12.666667,-0.333,moderate_blur,24,backpack,1.0,69.0,70.0,275.0,False,,,,,,,,,,,False,False,False,False,False,False,no_unambiguous_nearby_detection_pm5
video4/v04_20-21_f00380_t12.67_moderate_blur/gt002,video4,Movie on 13-08-2026 at 20.21(1).mov,380,380,12.667,12.666667,-0.333,moderate_blur,39,bottle,130.0,299.0,183.0,413.0,True,0.2027,379,-1,12.633333,0.2371,381,1,12.7,0.3019,1,False,False,False,False,False,False,raw_detected
video4/v04_20-21_f00418_t13.93_moderate_blur/gt000,video4,Movie on 13-08-2026 at 20.21(1).mov,418,418,13.933,13.933333,0.333,moderate_blur,0,person,205.0,1.0,432.0,333.0,True,0.879,417,-1,13.9,0.8099,419,1,13.966667,0.8064,1,False,False,False,False,False,False,raw_detected;ambiguous_offsets=+3|+5
video4/v04_20-21_f00418_t13.93_moderate_blur/gt001,video4,Movie on 13-08-2026 at 20.21(1).mov,418,418,13.933,13.933333,0.333,moderate_blur,56,chair,382.0,2.0,638.0,272.0,False,,,,,,,,,,,False,False,False,True,True,True,ambiguous_offsets=-1|+1|-2;no_unambiguous_nearby_detection_pm5
video4/v04_20-21_f00418_t13.93_moderate_blur/gt002,video4,Movie on 13-08-2026 at 20.21(1).mov,418,418,13.933,13.933333,0.333,moderate_blur,56,chair,474.0,1.0,640.0,266.0,True,0.4586,417,-1,13.9,0.153,419,1,13.966667,0.155,1,False,False,False,False,False,False,raw_detected;ambiguous_offsets=-2
video4/v04_20-21_f00418_t13.93_moderate_blur/gt003,video4,Movie on 13-08-2026 at 20.21(1).mov,418,418,13.933,13.933333,0.333,moderate_blur,56,chair,384.0,2.0,557.0,268.0,False,,,,,,,,,,,False,False,False,True,True,True,ambiguous_offsets=-1|+1|-2;no_unambiguous_nearby_detection_pm5
video4/v04_20-21_f00418_t13.93_moderate_blur/gt004,video4,Movie on 13-08-2026 at 20.21(1).mov,418,418,13.933,13.933333,0.333,moderate_blur,56,chair,479.0,2.0,640.0,187.0,False,,,,,,,,,,,False,False,False,True,True,True,ambiguous_offsets=-1|+1|-2;no_unambiguous_nearby_detection_pm5
video4/v04_20-21_f00418_t13.93_moderate_blur/gt005,video4,Movie on 13-08-2026 at 20.21(1).mov,418,418,13.933,13.933333,0.333,moderate_blur,56,chair,399.0,2.0,554.0,184.0,False,,,,,,,,,,,False,False,False,True,True,True,ambiguous_offsets=-1|+1|-2;no_unambiguous_nearby_detection_pm5
video4/v04_20-21_f00418_t13.93_moderate_blur/gt006,video4,Movie on 13-08-2026 at 20.21(1).mov,418,418,13.933,13.933333,0.333,moderate_blur,56,chair,407.0,4.0,640.0,268.0,False,,,,,,,,,,,False,False,False,True,True,True,ambiguous_offsets=-1|+1|-2;no_unambiguous_nearby_detection_pm5
video4/v04_20-21_f00418_t13.93_moderate_blur/gt007,video4,Movie on 13-08-2026 at 20.21(1).mov,418,418,13.933,13.933333,0.333,moderate_blur,56,chair,477.0,1.0,595.0,151.0,False,,,,,,,,,,,False,False,False,True,True,True,ambiguous_offsets=-1|+1|-2;no_unambiguous_nearby_detection_pm5
video4/v04_20-21_f00418_t13.93_moderate_blur/gt008,video4,Movie on 13-08-2026 at 20.21(1).mov,418,418,13.933,13.933333,0.333,moderate_blur,24,backpack,74.0,393.0,340.0,423.0,False,,,,,,,,,,,False,False,False,False,False,False,no_unambiguous_nearby_detection_pm5
video5/v05_20-23_f00000_t00.00_clear/gt000,video5,Movie on 13-08-2026 at 20.23(1).mov,0,0,0.0,0.0,0.0,clear,57,couch,1.0,3.0,181.0,93.0,False,,,,,,,,,,,False,False,False,False,False,False,no_unambiguous_nearby_detection_pm5
video5/v05_20-23_f00022_t00.73_clear/gt000,video5,Movie on 13-08-2026 at 20.23(1).mov,22,22,0.733,0.733333,0.333,clear,57,couch,123.0,9.0,299.0,123.0,False,,,,,,,,,,,False,False,False,False,False,False,no_unambiguous_nearby_detection_pm5
video5/v05_20-23_f00022_t00.73_clear/gt001,video5,Movie on 13-08-2026 at 20.23(1).mov,22,22,0.733,0.733333,0.333,clear,56,chair,1.0,4.0,107.0,180.0,False,,,,,,,,,,,False,False,False,False,False,False,no_unambiguous_nearby_detection_pm5
video5/v05_20-23_f00068_t02.27_moderate_blur/gt000,video5,Movie on 13-08-2026 at 20.23(1).mov,68,68,2.267,2.266667,-0.333,moderate_blur,57,couch,5.0,5.0,197.0,112.0,False,,,,,,,,,,,False,False,False,False,False,False,no_unambiguous_nearby_detection_pm5
video5/v05_20-23_f00136_t04.53_moderate_blur/gt000,video5,Movie on 13-08-2026 at 20.23(1).mov,136,136,4.533,4.533333,0.333,moderate_blur,57,couch,1.0,3.0,218.0,77.0,False,,,,,,,,,,,False,False,False,False,False,False,no_unambiguous_nearby_detection_pm5
video5/v05_20-23_f00181_t06.03_moderate_blur/gt000,video5,Movie on 13-08-2026 at 20.23(1).mov,181,181,6.033,6.033333,0.333,moderate_blur,56,chair,74.0,2.0,378.0,315.0,False,,,,,,,,,,,False,False,False,False,False,False,no_unambiguous_nearby_detection_pm5
video5/v05_20-23_f00181_t06.03_moderate_blur/gt001,video5,Movie on 13-08-2026 at 20.23(1).mov,181,181,6.033,6.033333,0.333,moderate_blur,56,chair,441.0,17.0,639.0,295.0,False,,,,,,,,,,,False,False,False,False,False,False,no_unambiguous_nearby_detection_pm5
video5/v05_20-23_f00204_t06.80_clear/gt000,video5,Movie on 13-08-2026 at 20.23(1).mov,204,204,6.8,6.8,0.0,clear,56,chair,4.0,6.0,258.0,415.0,False,,,,,,,,,,,False,False,False,False,False,False,no_unambiguous_nearby_detection_pm5
video5/v05_20-23_f00250_t08.33_moderate_blur/gt000,video5,Movie on 13-08-2026 at 20.23(1).mov,250,250,8.333,8.333333,0.333,moderate_blur,56,chair,341.0,5.0,639.0,426.0,False,,,,,,,,,,,False,False,False,False,False,False,no_unambiguous_nearby_detection_pm5
video5/v05_20-23_f00250_t08.33_moderate_blur/gt001,video5,Movie on 13-08-2026 at 20.23(1).mov,250,250,8.333,8.333333,0.333,moderate_blur,56,chair,1.0,3.0,282.0,399.0,False,,,,,,,,,,,False,False,False,False,False,False,no_unambiguous_nearby_detection_pm5
video5/v05_20-23_f00295_t09.83_clear/gt000,video5,Movie on 13-08-2026 at 20.23(1).mov,295,295,9.833,9.833333,0.333,clear,57,couch,14.0,1.0,328.0,178.0,False,,,,,,,,,,,False,False,False,False,False,False,no_unambiguous_nearby_detection_pm5
video5/v05_20-23_f00318_t10.60_moderate_blur/gt000,video5,Movie on 13-08-2026 at 20.23(1).mov,318,318,10.6,10.6,0.0,moderate_blur,56,chair,1.374,221.651,520.799,418.074,False,,,,,,,,,,,False,False,False,False,False,False,no_unambiguous_nearby_detection_pm5
video5/v05_20-23_f00318_t10.60_moderate_blur/gt001,video5,Movie on 13-08-2026 at 20.23(1).mov,318,318,10.6,10.6,0.0,moderate_blur,56,chair,454.607,7.465,639.211,307.699,False,,,,,,,,,,,False,False,False,False,False,False,no_unambiguous_nearby_detection_pm5
video5/v05_20-23_f00318_t10.60_moderate_blur/gt002,video5,Movie on 13-08-2026 at 20.23(1).mov,318,318,10.6,10.6,0.0,moderate_blur,56,chair,34.912,1.363,505.292,310.407,False,,,,,,,,,,,False,False,False,False,False,False,no_unambiguous_nearby_detection_pm5
video5/v05_20-23_f00386_t12.87_severe_blur/gt000,video5,Movie on 13-08-2026 at 20.23(1).mov,386,386,12.867,12.866667,-0.333,severe_blur,56,chair,396.679,157.243,639.612,421.213,False,,,,,,,,,,,False,False,False,False,False,False,no_unambiguous_nearby_detection_pm5
video6/v06_20-24_f00000_t00.00_clear/gt000,video6,Movie on 13-08-2026 at 20.24(1).mov,0,0,0.0,0.0,0.0,clear,0,person,507.0,3.0,640.0,225.0,False,,,,,,,,,,,False,False,False,False,True,True,ambiguous_offsets=+2|+4;no_unambiguous_nearby_detection_pm5
video6/v06_20-24_f00000_t00.00_clear/gt001,video6,Movie on 13-08-2026 at 20.24(1).mov,0,0,0.0,0.0,0.0,clear,0,person,511.0,3.0,639.0,221.0,False,,,,,,,,,,,False,False,False,False,True,True,ambiguous_offsets=+2|+4;no_unambiguous_nearby_detection_pm5
video6/v06_20-24_f00000_t00.00_clear/gt002,video6,Movie on 13-08-2026 at 20.24(1).mov,0,0,0.0,0.0,0.0,clear,56,chair,1.0,3.0,149.0,241.0,False,,,,,,,,,,,False,False,False,False,False,False,no_unambiguous_nearby_detection_pm5
video6/v06_20-24_f00000_t00.00_clear/gt003,video6,Movie on 13-08-2026 at 20.24(1).mov,0,0,0.0,0.0,0.0,clear,57,couch,52.0,8.0,268.0,73.0,False,,,,,,,,,,,False,False,False,False,False,False,no_unambiguous_nearby_detection_pm5
video6/v06_20-24_f00030_t01.00_clear/gt000,video6,Movie on 13-08-2026 at 20.24(1).mov,30,30,1.0,1.0,0.0,clear,0,person,338.0,2.0,471.0,205.0,False,,,,,,,,,,,False,False,False,False,False,False,no_unambiguous_nearby_detection_pm5
video6/v06_20-24_f00030_t01.00_clear/gt001,video6,Movie on 13-08-2026 at 20.24(1).mov,30,30,1.0,1.0,0.0,clear,0,person,347.0,5.0,449.0,193.0,False,,,,,,,,,,,False,False,False,False,False,False,no_unambiguous_nearby_detection_pm5
video6/v06_20-24_f00123_t04.10_moderate_blur/gt000,video6,Movie on 13-08-2026 at 20.24(1).mov,123,123,4.1,4.1,0.0,moderate_blur,0,person,19.159,1.613,263.197,269.194,False,,,,,,,,,,,False,False,False,True,True,True,ambiguous_offsets=-1;no_unambiguous_nearby_detection_pm5
video6/v06_20-24_f00123_t04.10_moderate_blur/gt001,video6,Movie on 13-08-2026 at 20.24(1).mov,123,123,4.1,4.1,0.0,moderate_blur,0,person,18.874,1.074,399.159,267.485,False,,122,-1,4.066667,0.1529,,,,,1,True,True,True,False,False,False,
video6/v06_20-24_f00154_t05.13_moderate_blur/gt000,video6,Movie on 13-08-2026 at 20.24(1).mov,154,154,5.133,5.133333,0.333,moderate_blur,0,person,31.03,3.111,224.433,205.084,False,,,,,,,,,,,False,False,False,False,False,False,no_unambiguous_nearby_detection_pm5
video6/v06_20-24_f00154_t05.13_moderate_blur/gt001,video6,Movie on 13-08-2026 at 20.24(1).mov,154,154,5.133,5.133333,0.333,moderate_blur,0,person,295.16,1.682,411.565,147.749,False,,150,-4,5.0,0.2707,,,,,4,False,False,True,False,False,False,
video6/v06_20-24_f00154_t05.13_moderate_blur/gt002,video6,Movie on 13-08-2026 at 20.24(1).mov,154,154,5.133,5.133333,0.333,moderate_blur,0,person,18.948,0.0,406.956,203.27,False,,,,,,,,,,,False,False,False,False,False,False,no_unambiguous_nearby_detection_pm5
video6/v06_20-24_f00154_t05.13_moderate_blur/gt003,video6,Movie on 13-08-2026 at 20.24(1).mov,154,154,5.133,5.133333,0.333,moderate_blur,0,person,91.581,2.176,222.652,158.812,False,,,,,,,,,,,False,False,False,False,False,False,no_unambiguous_nearby_detection_pm5
video6/v06_20-24_f00184_t06.13_severe_blur/gt000,video6,Movie on 13-08-2026 at 20.24(1).mov,184,184,6.133,6.133333,0.333,severe_blur,0,person,0.588,1.667,120.019,237.569,False,,182,-2,6.066667,0.3338,,,,,2,False,True,True,False,False,False,
video6/v06_20-24_f00215_t07.17_severe_blur/gt000,video6,Movie on 13-08-2026 at 20.24(1).mov,215,215,7.167,7.166667,-0.333,severe_blur,0,person,342.077,1.964,639.511,339.825,False,,,,,,,,,,,False,False,False,False,False,False,no_unambiguous_nearby_detection_pm5
video6/v06_20-24_f00215_t07.17_severe_blur/gt001,video6,Movie on 13-08-2026 at 20.24(1).mov,215,215,7.167,7.166667,-0.333,severe_blur,0,person,0.19,6.326,179.771,399.71,False,,,,,,,,,,,False,False,False,False,False,False,no_unambiguous_nearby_detection_pm5
video6/v06_20-24_f00215_t07.17_severe_blur/gt002,video6,Movie on 13-08-2026 at 20.24(1).mov,215,215,7.167,7.166667,-0.333,severe_blur,0,person,0.122,10.52,132.271,311.251,False,,,,,,,,,,,False,False,False,False,False,False,no_unambiguous_nearby_detection_pm5
video6/v06_20-24_f00215_t07.17_severe_blur/gt003,video6,Movie on 13-08-2026 at 20.24(1).mov,215,215,7.167,7.166667,-0.333,severe_blur,0,person,0.522,142.346,127.1,293.542,False,,,,,,,,,,,False,False,False,False,False,False,no_unambiguous_nearby_detection_pm5
video6/v06_20-24_f00215_t07.17_severe_blur/gt004,video6,Movie on 13-08-2026 at 20.24(1).mov,215,215,7.167,7.166667,-0.333,severe_blur,0,person,0.0,141.646,170.544,401.836,False,,,,,,,,,,,False,False,False,False,False,False,no_unambiguous_nearby_detection_pm5
video6/v06_20-24_f00277_t09.23_moderate_blur/gt000,video6,Movie on 13-08-2026 at 20.24(1).mov,277,277,9.233,9.233333,0.333,moderate_blur,56,chair,175.39,1.612,457.734,283.842,False,,,,,,,,,,,False,False,False,False,False,False,no_unambiguous_nearby_detection_pm5
video6/v06_20-24_f00277_t09.23_moderate_blur/gt001,video6,Movie on 13-08-2026 at 20.24(1).mov,277,277,9.233,9.233333,0.333,moderate_blur,56,chair,0.317,24.093,85.825,95.849,False,,,,,,,,,,,False,False,False,False,False,False,no_unambiguous_nearby_detection_pm5
video6/v06_20-24_f00277_t09.23_moderate_blur/gt002,video6,Movie on 13-08-2026 at 20.24(1).mov,277,277,9.233,9.233333,0.333,moderate_blur,56,chair,0.304,19.843,89.277,311.012,False,,,,,,,,,,,False,False,False,False,False,False,no_unambiguous_nearby_detection_pm5
video6/v06_20-24_f00277_t09.23_moderate_blur/gt003,video6,Movie on 13-08-2026 at 20.24(1).mov,277,277,9.233,9.233333,0.333,moderate_blur,56,chair,178.679,1.291,450.354,77.246,False,,,,,,,,,,,False,False,False,False,False,False,no_unambiguous_nearby_detection_pm5
video6/v06_20-24_f00277_t09.23_moderate_blur/gt004,video6,Movie on 13-08-2026 at 20.24(1).mov,277,277,9.233,9.233333,0.333,moderate_blur,56,chair,0.385,4.591,150.641,312.041,False,,,,,,,,,,,False,False,False,False,False,False,no_unambiguous_nearby_detection_pm5
video6/v06_20-24_f00277_t09.23_moderate_blur/gt005,video6,Movie on 13-08-2026 at 20.24(1).mov,277,277,9.233,9.233333,0.333,moderate_blur,56,chair,0.383,1.482,150.971,204.77,False,,,,,,,,,,,False,False,False,False,False,False,no_unambiguous_nearby_detection_pm5
video6/v06_20-24_f00277_t09.23_moderate_blur/gt006,video6,Movie on 13-08-2026 at 20.24(1).mov,277,277,9.233,9.233333,0.333,moderate_blur,56,chair,175.137,1.376,457.101,405.684,False,,,,,,,,,,,False,False,False,False,False,False,no_unambiguous_nearby_detection_pm5
video6/v06_20-24_f00431_t14.37_moderate_blur/gt000,video6,Movie on 13-08-2026 at 20.24(1).mov,431,431,14.367,14.366667,-0.333,moderate_blur,56,chair,80.0,3.0,374.0,272.0,False,,,,,,,,,,,False,False,False,False,False,False,no_unambiguous_nearby_detection_pm5
video6/v06_20-24_f00431_t14.37_moderate_blur/gt001,video6,Movie on 13-08-2026 at 20.24(1).mov,431,431,14.367,14.366667,-0.333,moderate_blur,0,person,34.0,8.0,185.0,172.0,False,,,,,,,,,,,False,False,False,False,False,False,no_unambiguous_nearby_detection_pm5
video6/v06_20-24_f00493_t16.43_severe_blur/gt000,video6,Movie on 13-08-2026 at 20.24(1).mov,493,493,16.433,16.433333,0.333,severe_blur,56,chair,286.0,8.0,527.0,229.0,False,,,,,,,,,,,False,False,False,False,False,False,no_unambiguous_nearby_detection_pm5
video6/v06_20-24_f00493_t16.43_severe_blur/gt001,video6,Movie on 13-08-2026 at 20.24(1).mov,493,493,16.433,16.433333,0.333,severe_blur,56,chair,3.0,5.0,263.0,217.0,False,,,,,,,,,,,False,False,False,False,False,False,no_unambiguous_nearby_detection_pm5
video6/v06_20-24_f00493_t16.43_severe_blur/gt002,video6,Movie on 13-08-2026 at 20.24(1).mov,493,493,16.433,16.433333,0.333,severe_blur,0,person,534.0,9.0,640.0,164.0,False,,,,,,,,,,,False,False,False,False,False,False,no_unambiguous_nearby_detection_pm5
video6/v06_20-24_f00616_t20.53_moderate_blur/gt000,video6,Movie on 13-08-2026 at 20.24(1).mov,616,616,20.533,20.533333,0.333,moderate_blur,0,person,512.0,2.0,640.0,426.0,False,,614,-2,20.466667,0.3999,,,,,2,False,True,True,False,False,False,
video6/v06_20-24_f00616_t20.53_moderate_blur/gt001,video6,Movie on 13-08-2026 at 20.24(1).mov,616,616,20.533,20.533333,0.333,moderate_blur,0,person,273.0,255.0,544.0,424.0,False,,,,,,,,,,,False,False,False,False,True,True,ambiguous_offsets=-2|-3|-5;no_unambiguous_nearby_detection_pm5
video6/v06_20-24_f00647_t21.57_clear/gt000,video6,Movie on 13-08-2026 at 20.24(1).mov,647,647,21.567,21.566667,-0.333,clear,56,chair,1.0,7.0,261.0,238.0,False,,,,,,,,,,,False,False,False,False,False,False,no_unambiguous_nearby_detection_pm5
video6/v06_20-24_f00647_t21.57_clear/gt001,video6,Movie on 13-08-2026 at 20.24(1).mov,647,647,21.567,21.566667,-0.333,clear,56,chair,62.0,11.0,258.0,329.0,False,,,,,,,,,,,False,False,False,False,False,False,no_unambiguous_nearby_detection_pm5
video7/v07_20-25_f00000_t00.00_clear/gt000,video7,Movie on 13-08-2026 at 20.25(2).mov,0,0,0.0,0.0,0.0,clear,60,dining table,331.0,7.0,636.0,360.0,False,,,,,,,,,,,False,False,False,False,False,False,no_unambiguous_nearby_detection_pm5
video7/v07_20-25_f00014_t00.47_moderate_blur/gt000,video7,Movie on 13-08-2026 at 20.25(2).mov,14,14,0.467,0.466667,-0.333,moderate_blur,60,dining table,252.0,3.0,635.0,411.0,False,,,,,,,,,,,False,False,False,False,False,False,no_unambiguous_nearby_detection_pm5
video7/v07_20-25_f00014_t00.47_moderate_blur/gt001,video7,Movie on 13-08-2026 at 20.25(2).mov,14,14,0.467,0.466667,-0.333,moderate_blur,56,chair,34.0,1.0,223.0,189.0,False,,,,,,,,,,,False,False,False,False,False,False,no_unambiguous_nearby_detection_pm5
video7/v07_20-25_f00029_t00.97_clear/gt000,video7,Movie on 13-08-2026 at 20.25(2).mov,29,29,0.967,0.966667,-0.333,clear,60,dining table,218.0,2.0,640.0,251.0,False,,,,,,,,,,,False,False,False,False,False,False,no_unambiguous_nearby_detection_pm5
video7/v07_20-25_f00029_t00.97_clear/gt001,video7,Movie on 13-08-2026 at 20.25(2).mov,29,29,0.967,0.966667,-0.333,clear,56,chair,354.0,103.0,550.0,398.0,False,,,,,,,,,,,False,False,False,False,False,False,no_unambiguous_nearby_detection_pm5
video7/v07_20-25_f00029_t00.97_clear/gt002,video7,Movie on 13-08-2026 at 20.25(2).mov,29,29,0.967,0.966667,-0.333,clear,56,chair,149.0,12.0,272.0,242.0,False,,,,,,,,,,,False,False,False,False,False,False,no_unambiguous_nearby_detection_pm5
video7/v07_20-25_f00044_t01.47_clear/gt000,video7,Movie on 13-08-2026 at 20.25(2).mov,44,44,1.467,1.466667,-0.333,clear,56,chair,2.0,4.0,195.0,298.0,False,,,,,,,,,,,False,False,False,False,False,False,no_unambiguous_nearby_detection_pm5
video7/v07_20-25_f00044_t01.47_clear/gt001,video7,Movie on 13-08-2026 at 20.25(2).mov,44,44,1.467,1.466667,-0.333,clear,56,chair,224.0,2.0,360.0,228.0,False,,,,,,,,,,,False,False,False,False,False,False,no_unambiguous_nearby_detection_pm5
video7/v07_20-25_f00044_t01.47_clear/gt002,video7,Movie on 13-08-2026 at 20.25(2).mov,44,44,1.467,1.466667,-0.333,clear,56,chair,313.0,53.0,496.0,312.0,False,,,,,,,,,,,False,False,False,False,False,False,no_unambiguous_nearby_detection_pm5
video7/v07_20-25_f00044_t01.47_clear/gt003,video7,Movie on 13-08-2026 at 20.25(2).mov,44,44,1.467,1.466667,-0.333,clear,56,chair,487.0,99.0,626.0,418.0,False,,,,,,,,,,,False,False,False,False,False,False,no_unambiguous_nearby_detection_pm5
video7/v07_20-25_f00044_t01.47_clear/gt004,video7,Movie on 13-08-2026 at 20.25(2).mov,44,44,1.467,1.466667,-0.333,clear,60,dining table,268.0,5.0,640.0,269.0,False,,,,,,,,,,,False,False,False,False,False,False,no_unambiguous_nearby_detection_pm5
video7/v07_20-25_f00059_t01.97_clear/gt000,video7,Movie on 13-08-2026 at 20.25(2).mov,59,59,1.967,1.966667,-0.333,clear,56,chair,87.0,1.0,428.0,377.0,False,,,,,,63,4,2.1,0.1882,4,False,False,True,False,False,False,
video7/v07_20-25_f00059_t01.97_clear/gt001,video7,Movie on 13-08-2026 at 20.25(2).mov,59,59,1.967,1.966667,-0.333,clear,56,chair,425.0,64.0,546.0,339.0,False,,,,,,,,,,,False,False,False,False,False,True,ambiguous_offsets=+4|+5;no_unambiguous_nearby_detection_pm5
video7/v07_20-25_f00059_t01.97_clear/gt002,video7,Movie on 13-08-2026 at 20.25(2).mov,59,59,1.967,1.966667,-0.333,clear,56,chair,487.0,120.0,635.0,413.0,False,,,,,,,,,,,False,False,False,False,False,False,no_unambiguous_nearby_detection_pm5
video7/v07_20-25_f00059_t01.97_clear/gt003,video7,Movie on 13-08-2026 at 20.25(2).mov,59,59,1.967,1.966667,-0.333,clear,60,dining table,366.0,5.0,640.0,221.0,False,,,,,,,,,,,False,False,False,False,False,False,no_unambiguous_nearby_detection_pm5
video7/v07_20-25_f00074_t02.47_moderate_blur/gt000,video7,Movie on 13-08-2026 at 20.25(2).mov,74,74,2.467,2.466667,-0.333,moderate_blur,56,chair,2.0,3.0,178.0,302.0,False,,,,,,,,,,,False,False,False,False,False,False,no_unambiguous_nearby_detection_pm5
video7/v07_20-25_f00074_t02.47_moderate_blur/gt001,video7,Movie on 13-08-2026 at 20.25(2).mov,74,74,2.467,2.466667,-0.333,moderate_blur,56,chair,198.0,8.0,337.0,205.0,False,,,,,,,,,,,False,False,False,False,False,False,no_unambiguous_nearby_detection_pm5
video7/v07_20-25_f00074_t02.47_moderate_blur/gt002,video7,Movie on 13-08-2026 at 20.25(2).mov,74,74,2.467,2.466667,-0.333,moderate_blur,56,chair,296.0,60.0,446.0,301.0,False,,,,,,,,,,,False,False,False,False,False,False,no_unambiguous_nearby_detection_pm5
video7/v07_20-25_f00074_t02.47_moderate_blur/gt003,video7,Movie on 13-08-2026 at 20.25(2).mov,74,74,2.467,2.466667,-0.333,moderate_blur,56,chair,442.0,143.0,623.0,384.0,False,,,,,,,,,,,False,False,False,False,False,False,no_unambiguous_nearby_detection_pm5
video7/v07_20-25_f00074_t02.47_moderate_blur/gt004,video7,Movie on 13-08-2026 at 20.25(2).mov,74,74,2.467,2.466667,-0.333,moderate_blur,60,dining table,250.0,2.0,640.0,229.0,False,,,,,,,,,,,False,False,False,False,False,False,no_unambiguous_nearby_detection_pm5
video7/v07_20-25_f00104_t03.47_severe_blur/gt000,video7,Movie on 13-08-2026 at 20.25(2).mov,104,104,3.467,3.466667,-0.333,severe_blur,60,dining table,190.0,3.0,583.0,419.0,False,,,,,,,,,,,False,False,False,False,False,False,no_unambiguous_nearby_detection_pm5
video7/v07_20-25_f00119_t03.97_moderate_blur/gt000,video7,Movie on 13-08-2026 at 20.25(2).mov,119,119,3.967,3.966667,-0.333,moderate_blur,56,chair,184.0,51.0,411.0,395.0,False,,,,,,,,,,,False,False,False,False,False,False,no_unambiguous_nearby_detection_pm5
video7/v07_20-25_f00119_t03.97_moderate_blur/gt001,video7,Movie on 13-08-2026 at 20.25(2).mov,119,119,3.967,3.966667,-0.333,moderate_blur,60,dining table,60.0,4.0,639.0,426.0,False,,,,,,,,,,,False,False,False,False,False,False,no_unambiguous_nearby_detection_pm5
video7/v07_20-25_f00149_t04.97_moderate_blur/gt000,video7,Movie on 13-08-2026 at 20.25(2).mov,149,149,4.967,4.966667,-0.333,moderate_blur,56,chair,1.0,3.0,217.0,399.0,False,,,,,,,,,,,False,False,False,False,False,False,no_unambiguous_nearby_detection_pm5
video7/v07_20-25_f00149_t04.97_moderate_blur/gt001,video7,Movie on 13-08-2026 at 20.25(2).mov,149,149,4.967,4.966667,-0.333,moderate_blur,56,chair,291.0,8.0,431.0,263.0,False,,,,,,,,,,,False,False,False,False,False,False,no_unambiguous_nearby_detection_pm5
video7/v07_20-25_f00149_t04.97_moderate_blur/gt002,video7,Movie on 13-08-2026 at 20.25(2).mov,149,149,4.967,4.966667,-0.333,moderate_blur,56,chair,380.0,77.0,578.0,354.0,False,,,,,,,,,,,False,False,False,False,False,False,no_unambiguous_nearby_detection_pm5
video7/v07_20-25_f00149_t04.97_moderate_blur/gt003,video7,Movie on 13-08-2026 at 20.25(2).mov,149,149,4.967,4.966667,-0.333,moderate_blur,60,dining table,191.0,3.0,640.0,375.0,False,,,,,,,,,,,False,False,False,False,False,False,no_unambiguous_nearby_detection_pm5
video7/v07_20-25_f00178_t05.93_severe_blur/gt000,video7,Movie on 13-08-2026 at 20.25(2).mov,178,178,5.933,5.933333,0.333,severe_blur,56,chair,1.0,7.0,177.0,314.0,False,,,,,,,,,,,False,False,False,False,False,False,no_unambiguous_nearby_detection_pm5
video7/v07_20-25_f00178_t05.93_severe_blur/gt001,video7,Movie on 13-08-2026 at 20.25(2).mov,178,178,5.933,5.933333,0.333,severe_blur,60,dining table,126.0,2.0,639.0,395.0,False,,,,,,,,,,,False,False,False,False,False,False,no_unambiguous_nearby_detection_pm5
video7/v07_20-25_f00223_t07.43_moderate_blur/gt000,video7,Movie on 13-08-2026 at 20.25(2).mov,223,223,7.433,7.433333,0.333,moderate_blur,56,chair,96.0,17.0,252.0,262.0,False,,,,,,,,,,,False,False,False,False,False,False,no_unambiguous_nearby_detection_pm5
video7/v07_20-25_f00223_t07.43_moderate_blur/gt001,video7,Movie on 13-08-2026 at 20.25(2).mov,223,223,7.433,7.433333,0.333,moderate_blur,56,chair,199.0,44.0,433.0,385.0,False,,,,,,,,,,,False,False,False,False,False,True,ambiguous_offsets=+4;no_unambiguous_nearby_detection_pm5
video7/v07_20-25_f00223_t07.43_moderate_blur/gt002,video7,Movie on 13-08-2026 at 20.25(2).mov,223,223,7.433,7.433333,0.333,moderate_blur,56,chair,439.0,131.0,624.0,421.0,False,,,,,,227,4,7.566667,0.1953,4,False,False,True,False,False,False,
video7/v07_20-25_f00223_t07.43_moderate_blur/gt003,video7,Movie on 13-08-2026 at 20.25(2).mov,223,223,7.433,7.433333,0.333,moderate_blur,60,dining table,157.0,3.0,634.0,247.0,False,,,,,,,,,,,False,False,False,False,False,False,no_unambiguous_nearby_detection_pm5
video7/v07_20-25_f00268_t08.93_severe_blur/gt000,video7,Movie on 13-08-2026 at 20.25(2).mov,268,268,8.933,8.933333,0.333,severe_blur,60,dining table,3.0,1.0,640.0,390.0,False,,,,,,,,,,,False,False,False,False,False,False,no_unambiguous_nearby_detection_pm5
video7/v07_20-25_f00268_t08.93_severe_blur/gt001,video7,Movie on 13-08-2026 at 20.25(2).mov,268,268,8.933,8.933333,0.333,severe_blur,56,chair,5.0,29.0,105.0,397.0,False,,,,,,,,,,,False,False,False,False,False,False,no_unambiguous_nearby_detection_pm5
