video,frame,filter,n_detections,mean_confidence,preprocess_ms,yolo_ms,total_ms,annotated
video1,v01_20-16_f00054_t01.82_clear.png,raw,0,0.0,0.002,3265.634,3265.636,True
video1,v01_20-16_f00054_t01.82_clear.png,gaussian,0,0.0,13.33,34.832,48.162,True
video1,v01_20-16_f00054_t01.82_clear.png,bilateral,0,0.0,13.484,26.218,39.702,True
video1,v01_20-16_f00054_t01.82_clear.png,wiener_denoise,0,0.0,71.057,32.443,103.5,True
video1,v01_20-16_f00054_t01.82_clear.png,wiener_deconv,0,0.0,71.693,24.961,96.654,True
video1,v01_20-16_f00054_t01.82_clear.png,clahe,0,0.0,110.962,29.001,139.963,True
video1,v01_20-16_f00081_t02.73_clear.png,raw,0,0.0,0.062,21.579,21.641,True
video1,v01_20-16_f00081_t02.73_clear.png,gaussian,0,0.0,0.688,14.924,15.612,True
video1,v01_20-16_f00081_t02.73_clear.png,bilateral,0,0.0,9.607,14.2,23.807,True
video1,v01_20-16_f00081_t02.73_clear.png,wiener_denoise,0,0.0,44.269,24.463,68.732,True
video1,v01_20-16_f00081_t02.73_clear.png,wiener_deconv,0,0.0,61.475,24.556,86.031,True
video1,v01_20-16_f00081_t02.73_clear.png,clahe,0,0.0,3.323,14.021,17.343,True
video1,v01_20-16_f00108_t03.63_moderate_blur.png,raw,0,0.0,0.0,24.795,24.795,True
video1,v01_20-16_f00108_t03.63_moderate_blur.png,gaussian,0,0.0,0.513,15.921,16.434,True
video1,v01_20-16_f00108_t03.63_moderate_blur.png,bilateral,0,0.0,9.618,15.489,25.107,True
video1,v01_20-16_f00108_t03.63_moderate_blur.png,wiener_denoise,0,0.0,41.106,24.199,65.305,True
video1,v01_20-16_f00108_t03.63_moderate_blur.png,wiener_deconv,0,0.0,63.538,26.321,89.859,True
video1,v01_20-16_f00108_t03.63_moderate_blur.png,clahe,0,0.0,3.101,16.441,19.542,True
video1,v01_20-16_f00162_t05.45_moderate_blur.png,raw,1,0.2313,0.0,26.038,26.039,True
video1,v01_20-16_f00162_t05.45_moderate_blur.png,gaussian,1,0.2289,0.682,23.971,24.653,True
video1,v01_20-16_f00162_t05.45_moderate_blur.png,bilateral,0,0.0,9.554,14.451,24.005,True
video1,v01_20-16_f00162_t05.45_moderate_blur.png,wiener_denoise,0,0.0,45.236,17.249,62.485,True
video1,v01_20-16_f00162_t05.45_moderate_blur.png,wiener_deconv,1,0.3375,58.305,24.718,83.023,True
video1,v01_20-16_f00162_t05.45_moderate_blur.png,clahe,2,0.2132,4.067,25.21,29.277,True
video1,v01_20-16_f00189_t06.36_clear.png,raw,9,0.401,0.001,28.765,28.765,True
video1,v01_20-16_f00189_t06.36_clear.png,gaussian,8,0.502,0.716,26.815,27.531,True
video1,v01_20-16_f00189_t06.36_clear.png,bilateral,7,0.5349,9.79,25.54,35.329,True
video1,v01_20-16_f00189_t06.36_clear.png,wiener_denoise,7,0.5268,41.648,29.144,70.792,True
video1,v01_20-16_f00189_t06.36_clear.png,wiener_deconv,0,0.0,61.938,35.75,97.688,True
video1,v01_20-16_f00189_t06.36_clear.png,clahe,10,0.3614,3.059,23.924,26.983,True
video1,v01_20-16_f00270_t09.09_moderate_blur.png,raw,4,0.4421,0.0,35.805,35.805,True
video1,v01_20-16_f00270_t09.09_moderate_blur.png,gaussian,3,0.4609,0.644,25.003,25.647,True
video1,v01_20-16_f00270_t09.09_moderate_blur.png,bilateral,3,0.311,11.53,25.279,36.808,True
video1,v01_20-16_f00270_t09.09_moderate_blur.png,wiener_denoise,3,0.4393,40.295,28.701,68.996,True
video1,v01_20-16_f00270_t09.09_moderate_blur.png,wiener_deconv,0,0.0,64.306,24.984,89.29,True
video1,v01_20-16_f00270_t09.09_moderate_blur.png,clahe,3,0.3015,5.165,21.746,26.911,True
video1,v01_20-16_f00325_t10.94_clear.png,raw,2,0.2451,0.0,47.38,47.38,True
video1,v01_20-16_f00325_t10.94_clear.png,gaussian,2,0.3258,0.725,18.121,18.846,True
video1,v01_20-16_f00325_t10.94_clear.png,bilateral,0,0.0,12.022,16.874,28.896,True
video1,v01_20-16_f00325_t10.94_clear.png,wiener_denoise,2,0.2221,50.039,29.218,79.257,True
video1,v01_20-16_f00325_t10.94_clear.png,wiener_deconv,0,0.0,81.235,27.295,108.53,True
video1,v01_20-16_f00325_t10.94_clear.png,clahe,0,0.0,3.252,18.831,22.083,True
video1,v01_20-16_f00352_t11.85_moderate_blur.png,raw,5,0.4348,0.002,52.857,52.859,True
video1,v01_20-16_f00352_t11.85_moderate_blur.png,gaussian,5,0.4608,0.868,28.161,29.029,True
video1,v01_20-16_f00352_t11.85_moderate_blur.png,bilateral,4,0.375,11.581,34.137,45.718,True
video1,v01_20-16_f00352_t11.85_moderate_blur.png,wiener_denoise,4,0.4133,52.568,25.97,78.538,True
video1,v01_20-16_f00352_t11.85_moderate_blur.png,wiener_deconv,0,0.0,62.658,27.823,90.48,True
video1,v01_20-16_f00352_t11.85_moderate_blur.png,clahe,9,0.1986,3.457,27.512,30.969,True
video1,v01_20-16_f00379_t12.75_severe_blur.png,raw,0,0.0,0.001,37.975,37.977,True
video1,v01_20-16_f00379_t12.75_severe_blur.png,gaussian,0,0.0,1.065,22.39,23.456,True
video1,v01_20-16_f00379_t12.75_severe_blur.png,bilateral,0,0.0,13.453,30.23,43.684,True
video1,v01_20-16_f00379_t12.75_severe_blur.png,wiener_denoise,0,0.0,53.811,27.54,81.35,True
video1,v01_20-16_f00379_t12.75_severe_blur.png,wiener_deconv,0,0.0,68.904,25.966,94.87,True
video1,v01_20-16_f00379_t12.75_severe_blur.png,clahe,0,0.0,3.004,19.503,22.507,True
video1,v01_20-16_f00433_t14.57_severe_blur.png,raw,0,0.0,0.0,24.159,24.16,True
video1,v01_20-16_f00433_t14.57_severe_blur.png,gaussian,0,0.0,0.749,16.479,17.228,True
video1,v01_20-16_f00433_t14.57_severe_blur.png,bilateral,0,0.0,9.886,18.141,28.027,True
video1,v01_20-16_f00433_t14.57_severe_blur.png,wiener_denoise,0,0.0,50.578,19.224,69.802,True
video1,v01_20-16_f00433_t14.57_severe_blur.png,wiener_deconv,0,0.0,65.377,18.038,83.415,True
video1,v01_20-16_f00433_t14.57_severe_blur.png,clahe,0,0.0,3.06,21.178,24.238,True
video1,v01_20-16_f00487_t16.39_moderate_blur.png,raw,0,0.0,0.0,18.28,18.281,True
video1,v01_20-16_f00487_t16.39_moderate_blur.png,gaussian,0,0.0,0.608,16.17,16.778,True
video1,v01_20-16_f00487_t16.39_moderate_blur.png,bilateral,0,0.0,9.312,19.58,28.892,True
video1,v01_20-16_f00487_t16.39_moderate_blur.png,wiener_denoise,0,0.0,66.745,30.217,96.962,True
video1,v01_20-16_f00487_t16.39_moderate_blur.png,wiener_deconv,0,0.0,78.691,28.723,107.414,True
video1,v01_20-16_f00487_t16.39_moderate_blur.png,clahe,0,0.0,3.732,21.608,25.34,True
video1,v01_20-16_f00541_t18.21_severe_blur.png,raw,0,0.0,0.0,37.035,37.035,True
video1,v01_20-16_f00541_t18.21_severe_blur.png,gaussian,0,0.0,0.528,18.51,19.038,True
video1,v01_20-16_f00541_t18.21_severe_blur.png,bilateral,0,0.0,14.441,24.648,39.089,True
video1,v01_20-16_f00541_t18.21_severe_blur.png,wiener_denoise,0,0.0,62.522,20.017,82.539,True
video1,v01_20-16_f00541_t18.21_severe_blur.png,wiener_deconv,0,0.0,76.552,30.693,107.245,True
video1,v01_20-16_f00541_t18.21_severe_blur.png,clahe,0,0.0,4.393,52.288,56.68,True
video2,v02_20-18_f00000_t00.00_clear.png,raw,0,0.0,0.0,22.783,22.784,True
video2,v02_20-18_f00000_t00.00_clear.png,gaussian,0,0.0,0.571,16.823,17.394,True
video2,v02_20-18_f00000_t00.00_clear.png,bilateral,0,0.0,11.59,16.767,28.357,True
video2,v02_20-18_f00000_t00.00_clear.png,wiener_denoise,0,0.0,50.1,18.619,68.719,True
video2,v02_20-18_f00000_t00.00_clear.png,wiener_deconv,0,0.0,69.483,24.688,94.171,True
video2,v02_20-18_f00000_t00.00_clear.png,clahe,0,0.0,3.398,20.78,24.178,True
video2,v02_20-18_f00037_t01.23_moderate_blur.png,raw,2,0.2247,0.002,29.499,29.501,True
video2,v02_20-18_f00037_t01.23_moderate_blur.png,gaussian,1,0.1626,0.517,17.872,18.389,True
video2,v02_20-18_f00037_t01.23_moderate_blur.png,bilateral,0,0.0,10.364,17.34,27.704,True
video2,v02_20-18_f00037_t01.23_moderate_blur.png,wiener_denoise,0,0.0,45.586,20.248,65.835,True
video2,v02_20-18_f00037_t01.23_moderate_blur.png,wiener_deconv,0,0.0,62.592,21.423,84.015,True
video2,v02_20-18_f00037_t01.23_moderate_blur.png,clahe,0,0.0,3.9,19.671,23.571,True
video2,v02_20-18_f00113_t03.77_clear.png,raw,0,0.0,0.0,16.668,16.668,True
video2,v02_20-18_f00113_t03.77_clear.png,gaussian,0,0.0,0.792,14.509,15.3,True
video2,v02_20-18_f00113_t03.77_clear.png,bilateral,0,0.0,8.972,16.721,25.693,True
video2,v02_20-18_f00113_t03.77_clear.png,wiener_denoise,0,0.0,120.208,26.708,146.916,True
video2,v02_20-18_f00113_t03.77_clear.png,wiener_deconv,0,0.0,68.804,28.722,97.526,True
video2,v02_20-18_f00113_t03.77_clear.png,clahe,0,0.0,3.656,20.617,24.274,True
video2,v02_20-18_f00151_t05.03_moderate_blur.png,raw,0,0.0,0.0,20.879,20.88,True
video2,v02_20-18_f00151_t05.03_moderate_blur.png,gaussian,0,0.0,0.635,17.166,17.801,True
video2,v02_20-18_f00151_t05.03_moderate_blur.png,bilateral,0,0.0,8.88,18.145,27.025,True
video2,v02_20-18_f00151_t05.03_moderate_blur.png,wiener_denoise,0,0.0,54.695,30.725,85.42,True
video2,v02_20-18_f00151_t05.03_moderate_blur.png,wiener_deconv,0,0.0,83.263,30.57,113.833,True
video2,v02_20-18_f00151_t05.03_moderate_blur.png,clahe,0,0.0,6.438,35.549,41.987,True
video2,v02_20-18_f00189_t06.30_severe_blur.png,raw,0,0.0,0.0,38.844,38.844,True
video2,v02_20-18_f00189_t06.30_severe_blur.png,gaussian,0,0.0,0.552,21.595,22.147,True
video2,v02_20-18_f00189_t06.30_severe_blur.png,bilateral,0,0.0,12.593,26.431,39.023,True
video2,v02_20-18_f00189_t06.30_severe_blur.png,wiener_denoise,0,0.0,63.654,27.071,90.725,True
video2,v02_20-18_f00189_t06.30_severe_blur.png,wiener_deconv,0,0.0,76.694,34.367,111.061,True
video2,v02_20-18_f00189_t06.30_severe_blur.png,clahe,0,0.0,4.47,18.579,23.049,True
video2,v02_20-18_f00264_t08.80_moderate_blur.png,raw,0,0.0,0.0,40.98,40.98,True
video2,v02_20-18_f00264_t08.80_moderate_blur.png,gaussian,0,0.0,0.535,34.046,34.581,True
video2,v02_20-18_f00264_t08.80_moderate_blur.png,bilateral,0,0.0,15.391,17.939,33.329,True
video2,v02_20-18_f00264_t08.80_moderate_blur.png,wiener_denoise,0,0.0,63.168,28.712,91.879,True
video2,v02_20-18_f00264_t08.80_moderate_blur.png,wiener_deconv,0,0.0,83.495,21.391,104.886,True
video2,v02_20-18_f00264_t08.80_moderate_blur.png,clahe,0,0.0,3.067,19.766,22.833,True
video2,v02_20-18_f00340_t11.33_clear.png,raw,1,0.4917,0.001,21.516,21.517,True
video2,v02_20-18_f00340_t11.33_clear.png,gaussian,1,0.4374,0.728,16.87,17.598,True
video2,v02_20-18_f00340_t11.33_clear.png,bilateral,1,0.3036,9.111,17.891,27.002,True
video2,v02_20-18_f00340_t11.33_clear.png,wiener_denoise,1,0.3903,45.195,18.529,63.724,True
video2,v02_20-18_f00340_t11.33_clear.png,wiener_deconv,0,0.0,63.834,24.754,88.588,True
video2,v02_20-18_f00340_t11.33_clear.png,clahe,2,0.3277,3.133,25.878,29.011,True
video2,v02_20-18_f00453_t15.10_severe_blur.png,raw,0,0.0,0.0,18.512,18.512,True
video2,v02_20-18_f00453_t15.10_severe_blur.png,gaussian,0,0.0,0.742,13.723,14.465,True
video2,v02_20-18_f00453_t15.10_severe_blur.png,bilateral,0,0.0,10.249,14.823,25.073,True
video2,v02_20-18_f00453_t15.10_severe_blur.png,wiener_denoise,0,0.0,43.864,15.939,59.802,True
video2,v02_20-18_f00453_t15.10_severe_blur.png,wiener_deconv,0,0.0,80.034,17.063,97.097,True
video2,v02_20-18_f00453_t15.10_severe_blur.png,clahe,0,0.0,3.525,16.879,20.404,True
video2,v02_20-18_f00567_t18.90_moderate_blur.png,raw,0,0.0,0.0,20.603,20.603,True
video2,v02_20-18_f00567_t18.90_moderate_blur.png,gaussian,0,0.0,0.604,14.927,15.532,True
video2,v02_20-18_f00567_t18.90_moderate_blur.png,bilateral,0,0.0,9.711,17.762,27.473,True
video2,v02_20-18_f00567_t18.90_moderate_blur.png,wiener_denoise,0,0.0,50.54,23.399,73.939,True
video2,v02_20-18_f00567_t18.90_moderate_blur.png,wiener_deconv,0,0.0,74.42,24.71,99.13,True
video2,v02_20-18_f00567_t18.90_moderate_blur.png,clahe,0,0.0,4.09,14.95,19.04,True
video2,v02_20-18_f00680_t22.67_severe_blur.png,raw,0,0.0,0.0,17.469,17.47,True
video2,v02_20-18_f00680_t22.67_severe_blur.png,gaussian,0,0.0,0.733,18.422,19.156,True
video2,v02_20-18_f00680_t22.67_severe_blur.png,bilateral,0,0.0,9.251,15.225,24.477,True
video2,v02_20-18_f00680_t22.67_severe_blur.png,wiener_denoise,0,0.0,41.336,17.324,58.661,True
video2,v02_20-18_f00680_t22.67_severe_blur.png,wiener_deconv,0,0.0,59.027,18.411,77.438,True
video2,v02_20-18_f00680_t22.67_severe_blur.png,clahe,1,0.1526,5.418,18.612,24.029,True
video2,v02_20-18_f00718_t23.93_clear.png,raw,1,0.6877,0.0,26.335,26.336,True
video2,v02_20-18_f00718_t23.93_clear.png,gaussian,1,0.6014,0.578,16.952,17.53,True
video2,v02_20-18_f00718_t23.93_clear.png,bilateral,1,0.3825,9.676,16.869,26.544,True
video2,v02_20-18_f00718_t23.93_clear.png,wiener_denoise,1,0.5927,46.361,29.519,75.88,True
video2,v02_20-18_f00718_t23.93_clear.png,wiener_deconv,0,0.0,67.779,27.947,95.726,True
video2,v02_20-18_f00718_t23.93_clear.png,clahe,2,0.2869,4.487,20.111,24.598,True
video2,v02_20-18_f00794_t26.47_moderate_blur.png,raw,1,0.3634,0.0,17.207,17.207,True
video2,v02_20-18_f00794_t26.47_moderate_blur.png,gaussian,1,0.2146,0.562,19.615,20.177,True
video2,v02_20-18_f00794_t26.47_moderate_blur.png,bilateral,0,0.0,9.521,18.106,27.628,True
video2,v02_20-18_f00794_t26.47_moderate_blur.png,wiener_denoise,1,0.1657,50.037,27.761,77.798,True
video2,v02_20-18_f00794_t26.47_moderate_blur.png,wiener_deconv,0,0.0,74.367,27.455,101.821,True
video2,v02_20-18_f00794_t26.47_moderate_blur.png,clahe,1,0.2457,3.003,16.667,19.67,True
video3,v03_20-20_f00000_t00.00_clear.png,raw,4,0.5296,0.0,19.634,19.635,True
video3,v03_20-20_f00000_t00.00_clear.png,gaussian,5,0.4319,0.859,24.513,25.372,True
video3,v03_20-20_f00000_t00.00_clear.png,bilateral,4,0.4414,10.026,26.09,36.116,True
video3,v03_20-20_f00000_t00.00_clear.png,wiener_denoise,5,0.445,43.995,37.958,81.954,True
video3,v03_20-20_f00000_t00.00_clear.png,wiener_deconv,0,0.0,63.99,23.605,87.595,True
video3,v03_20-20_f00000_t00.00_clear.png,clahe,3,0.4653,5.674,23.991,29.666,True
video3,v03_20-20_f00016_t00.53_clear.png,raw,1,0.2555,0.0,21.336,21.336,True
video3,v03_20-20_f00016_t00.53_clear.png,gaussian,2,0.1958,0.603,17.045,17.649,True
video3,v03_20-20_f00016_t00.53_clear.png,bilateral,2,0.2052,9.696,24.274,33.97,True
video3,v03_20-20_f00016_t00.53_clear.png,wiener_denoise,3,0.2097,61.146,19.697,80.843,True
video3,v03_20-20_f00016_t00.53_clear.png,wiener_deconv,0,0.0,72.558,24.501,97.059,True
video3,v03_20-20_f00016_t00.53_clear.png,clahe,0,0.0,3.126,16.338,19.464,True
video3,v03_20-20_f00048_t01.60_moderate_blur.png,raw,1,0.1939,0.002,38.579,38.581,True
video3,v03_20-20_f00048_t01.60_moderate_blur.png,gaussian,0,0.0,0.797,20.01,20.807,True
video3,v03_20-20_f00048_t01.60_moderate_blur.png,bilateral,0,0.0,12.846,20.943,33.789,True
video3,v03_20-20_f00048_t01.60_moderate_blur.png,wiener_denoise,0,0.0,56.731,25.582,82.313,True
video3,v03_20-20_f00048_t01.60_moderate_blur.png,wiener_deconv,0,0.0,62.365,27.265,89.629,True
video3,v03_20-20_f00048_t01.60_moderate_blur.png,clahe,0,0.0,4.405,14.919,19.325,True
video3,v03_20-20_f00064_t02.13_clear.png,raw,1,0.3142,0.0,17.38,17.38,True
video3,v03_20-20_f00064_t02.13_clear.png,gaussian,3,0.2073,1.895,17.967,19.862,True
video3,v03_20-20_f00064_t02.13_clear.png,bilateral,2,0.2121,11.963,18.611,30.574,True
video3,v03_20-20_f00064_t02.13_clear.png,wiener_denoise,1,0.1517,52.248,26.979,79.227,True
video3,v03_20-20_f00064_t02.13_clear.png,wiener_deconv,0,0.0,63.593,25.141,88.734,True
video3,v03_20-20_f00064_t02.13_clear.png,clahe,0,0.0,3.217,18.157,21.374,True
video3,v03_20-20_f00080_t02.67_moderate_blur.png,raw,0,0.0,0.0,67.787,67.787,True
video3,v03_20-20_f00080_t02.67_moderate_blur.png,gaussian,0,0.0,0.61,14.706,15.317,True
video3,v03_20-20_f00080_t02.67_moderate_blur.png,bilateral,0,0.0,11.188,16.954,28.142,True
video3,v03_20-20_f00080_t02.67_moderate_blur.png,wiener_denoise,0,0.0,54.509,27.394,81.903,True
video3,v03_20-20_f00080_t02.67_moderate_blur.png,wiener_deconv,0,0.0,71.605,28.964,100.569,True
video3,v03_20-20_f00080_t02.67_moderate_blur.png,clahe,0,0.0,3.325,19.084,22.409,True
video3,v03_20-20_f00097_t03.23_clear.png,raw,5,0.5296,0.0,50.117,50.118,True
video3,v03_20-20_f00097_t03.23_clear.png,gaussian,4,0.5113,0.565,28.473,29.037,True
video3,v03_20-20_f00097_t03.23_clear.png,bilateral,4,0.4106,13.963,30.446,44.409,True
video3,v03_20-20_f00097_t03.23_clear.png,wiener_denoise,4,0.4455,50.672,32.76,83.431,True
video3,v03_20-20_f00097_t03.23_clear.png,wiener_deconv,1,0.2126,70.17,31.171,101.341,True
video3,v03_20-20_f00097_t03.23_clear.png,clahe,7,0.4867,4.642,29.36,34.002,True
video3,v03_20-20_f00113_t03.77_severe_blur.png,raw,0,0.0,0.001,21.052,21.054,True
video3,v03_20-20_f00113_t03.77_severe_blur.png,gaussian,0,0.0,0.976,15.916,16.892,True
video3,v03_20-20_f00113_t03.77_severe_blur.png,bilateral,0,0.0,12.348,20.374,32.722,True
video3,v03_20-20_f00113_t03.77_severe_blur.png,wiener_denoise,0,0.0,50.273,23.407,73.68,True
video3,v03_20-20_f00113_t03.77_severe_blur.png,wiener_deconv,0,0.0,66.097,25.12,91.217,True
video3,v03_20-20_f00113_t03.77_severe_blur.png,clahe,0,0.0,3.458,14.917,18.376,True
video3,v03_20-20_f00145_t04.83_moderate_blur.png,raw,0,0.0,0.004,16.313,16.316,True
video3,v03_20-20_f00145_t04.83_moderate_blur.png,gaussian,0,0.0,0.889,14.418,15.308,True
video3,v03_20-20_f00145_t04.83_moderate_blur.png,bilateral,0,0.0,10.232,15.368,25.6,True
video3,v03_20-20_f00145_t04.83_moderate_blur.png,wiener_denoise,0,0.0,49.3,23.576,72.876,True
video3,v03_20-20_f00145_t04.83_moderate_blur.png,wiener_deconv,0,0.0,64.108,28.215,92.324,True
video3,v03_20-20_f00145_t04.83_moderate_blur.png,clahe,0,0.0,3.772,17.962,21.734,True
video3,v03_20-20_f00161_t05.37_moderate_blur.png,raw,2,0.3328,0.0,33.175,33.175,True
video3,v03_20-20_f00161_t05.37_moderate_blur.png,gaussian,1,0.1875,0.655,16.938,17.593,True
video3,v03_20-20_f00161_t05.37_moderate_blur.png,bilateral,0,0.0,10.695,15.867,26.562,True
video3,v03_20-20_f00161_t05.37_moderate_blur.png,wiener_denoise,1,0.178,42.042,19.101,61.143,True
video3,v03_20-20_f00161_t05.37_moderate_blur.png,wiener_deconv,0,0.0,60.568,23.895,84.464,True
video3,v03_20-20_f00161_t05.37_moderate_blur.png,clahe,2,0.3797,3.216,16.621,19.837,True
video3,v03_20-20_f00177_t05.90_moderate_blur.png,raw,1,0.3102,0.0,27.313,27.314,True
video3,v03_20-20_f00177_t05.90_moderate_blur.png,gaussian,0,0.0,0.54,15.055,15.594,True
video3,v03_20-20_f00177_t05.90_moderate_blur.png,bilateral,1,0.1625,9.96,16.045,26.005,True
video3,v03_20-20_f00177_t05.90_moderate_blur.png,wiener_denoise,1,0.2602,46.931,25.383,72.314,True
video3,v03_20-20_f00177_t05.90_moderate_blur.png,wiener_deconv,0,0.0,65.322,24.056,89.378,True
video3,v03_20-20_f00177_t05.90_moderate_blur.png,clahe,0,0.0,3.118,15.246,18.365,True
video3,v03_20-20_f00210_t07.00_severe_blur.png,raw,0,0.0,0.0,22.784,22.784,True
video3,v03_20-20_f00210_t07.00_severe_blur.png,gaussian,0,0.0,0.639,16.786,17.426,True
video3,v03_20-20_f00210_t07.00_severe_blur.png,bilateral,0,0.0,9.525,18.527,28.052,True
video3,v03_20-20_f00210_t07.00_severe_blur.png,wiener_denoise,0,0.0,60.804,33.893,94.698,True
video3,v03_20-20_f00210_t07.00_severe_blur.png,wiener_deconv,0,0.0,78.811,26.923,105.734,True
video3,v03_20-20_f00210_t07.00_severe_blur.png,clahe,0,0.0,5.067,19.066,24.133,True
video3,v03_20-20_f00242_t08.07_severe_blur.png,raw,1,0.1515,0.0,25.406,25.406,True
video3,v03_20-20_f00242_t08.07_severe_blur.png,gaussian,0,0.0,0.904,18.794,19.699,True
video3,v03_20-20_f00242_t08.07_severe_blur.png,bilateral,0,0.0,10.309,16.483,26.792,True
video3,v03_20-20_f00242_t08.07_severe_blur.png,wiener_denoise,0,0.0,48.767,27.547,76.314,True
video3,v03_20-20_f00242_t08.07_severe_blur.png,wiener_deconv,0,0.0,68.562,23.14,91.702,True
video3,v03_20-20_f00242_t08.07_severe_blur.png,clahe,1,0.2434,3.619,15.704,19.323,True
video4,v04_20-21_f00000_t00.00_clear.png,raw,9,0.4685,0.0,40.312,40.312,True
video4,v04_20-21_f00000_t00.00_clear.png,gaussian,6,0.5836,0.698,29.676,30.374,True
video4,v04_20-21_f00000_t00.00_clear.png,bilateral,7,0.4399,9.669,17.579,27.248,True
video4,v04_20-21_f00000_t00.00_clear.png,wiener_denoise,7,0.5355,45.117,37.944,83.06,True
video4,v04_20-21_f00000_t00.00_clear.png,wiener_deconv,0,0.0,62.48,27.547,90.026,True
video4,v04_20-21_f00000_t00.00_clear.png,clahe,7,0.4528,3.611,17.97,21.581,True
video4,v04_20-21_f00038_t01.27_clear.png,raw,5,0.3952,0.0,41.745,41.746,True
video4,v04_20-21_f00038_t01.27_clear.png,gaussian,4,0.4078,0.65,20.265,20.915,True
video4,v04_20-21_f00038_t01.27_clear.png,bilateral,3,0.5109,10.781,25.842,36.623,True
video4,v04_20-21_f00038_t01.27_clear.png,wiener_denoise,5,0.3923,48.952,28.015,76.967,True
video4,v04_20-21_f00038_t01.27_clear.png,wiener_deconv,0,0.0,65.331,27.649,92.98,True
video4,v04_20-21_f00038_t01.27_clear.png,clahe,7,0.3557,3.636,24.652,28.289,True
video4,v04_20-21_f00076_t02.53_clear.png,raw,6,0.4686,0.005,48.542,48.547,True
video4,v04_20-21_f00076_t02.53_clear.png,gaussian,8,0.3758,0.894,16.307,17.201,True
video4,v04_20-21_f00076_t02.53_clear.png,bilateral,5,0.4636,11.571,26.259,37.83,True
video4,v04_20-21_f00076_t02.53_clear.png,wiener_denoise,8,0.3751,54.744,27.944,82.688,True
video4,v04_20-21_f00076_t02.53_clear.png,wiener_deconv,0,0.0,77.097,27.963,105.061,True
video4,v04_20-21_f00076_t02.53_clear.png,clahe,5,0.6021,3.187,22.18,25.367,True
video4,v04_20-21_f00114_t03.80_moderate_blur.png,raw,6,0.5031,0.0,25.628,25.628,True
video4,v04_20-21_f00114_t03.80_moderate_blur.png,gaussian,6,0.3774,0.594,18.408,19.002,True
video4,v04_20-21_f00114_t03.80_moderate_blur.png,bilateral,6,0.4257,9.824,29.521,39.345,True
video4,v04_20-21_f00114_t03.80_moderate_blur.png,wiener_denoise,6,0.4509,71.653,38.633,110.287,True
video4,v04_20-21_f00114_t03.80_moderate_blur.png,wiener_deconv,0,0.0,76.534,31.825,108.359,True
video4,v04_20-21_f00114_t03.80_moderate_blur.png,clahe,5,0.547,2.757,20.414,23.17,True
video4,v04_20-21_f00152_t05.07_moderate_blur.png,raw,1,0.6789,0.0,30.194,30.195,True
video4,v04_20-21_f00152_t05.07_moderate_blur.png,gaussian,1,0.4938,0.627,18.341,18.968,True
video4,v04_20-21_f00152_t05.07_moderate_blur.png,bilateral,1,0.2477,10.17,19.264,29.434,True
video4,v04_20-21_f00152_t05.07_moderate_blur.png,wiener_denoise,1,0.4326,53.977,32.61,86.587,True
video4,v04_20-21_f00152_t05.07_moderate_blur.png,wiener_deconv,0,0.0,71.392,24.373,95.765,True
video4,v04_20-21_f00152_t05.07_moderate_blur.png,clahe,1,0.7023,3.011,19.55,22.56,True
video4,v04_20-21_f00190_t06.33_moderate_blur.png,raw,0,0.0,0.007,18.469,18.477,True
video4,v04_20-21_f00190_t06.33_moderate_blur.png,gaussian,1,0.1891,0.68,17.045,17.724,True
video4,v04_20-21_f00190_t06.33_moderate_blur.png,bilateral,0,0.0,10.274,17.377,27.65,True
video4,v04_20-21_f00190_t06.33_moderate_blur.png,wiener_denoise,1,0.1761,44.592,28.146,72.738,True
video4,v04_20-21_f00190_t06.33_moderate_blur.png,wiener_deconv,0,0.0,69.541,27.019,96.56,True
video4,v04_20-21_f00190_t06.33_moderate_blur.png,clahe,1,0.3417,4.657,16.988,21.645,True
video4,v04_20-21_f00228_t07.60_severe_blur.png,raw,0,0.0,0.001,18.505,18.506,True
video4,v04_20-21_f00228_t07.60_severe_blur.png,gaussian,0,0.0,0.603,14.733,15.336,True
video4,v04_20-21_f00228_t07.60_severe_blur.png,bilateral,0,0.0,11.284,14.614,25.898,True
video4,v04_20-21_f00228_t07.60_severe_blur.png,wiener_denoise,0,0.0,56.284,16.909,73.193,True
video4,v04_20-21_f00228_t07.60_severe_blur.png,wiener_deconv,0,0.0,66.11,28.764,94.874,True
video4,v04_20-21_f00228_t07.60_severe_blur.png,clahe,1,0.1942,4.0,19.4,23.4,True
video4,v04_20-21_f00266_t08.87_clear.png,raw,4,0.4611,0.0,19.734,19.735,True
video4,v04_20-21_f00266_t08.87_clear.png,gaussian,4,0.4831,0.609,29.647,30.256,True
video4,v04_20-21_f00266_t08.87_clear.png,bilateral,4,0.4225,9.106,20.001,29.107,True
video4,v04_20-21_f00266_t08.87_clear.png,wiener_denoise,4,0.4526,41.982,20.211,62.193,True
video4,v04_20-21_f00266_t08.87_clear.png,wiener_deconv,1,0.1591,59.497,26.593,86.089,True
video4,v04_20-21_f00266_t08.87_clear.png,clahe,4,0.4092,3.337,16.086,19.423,True
video4,v04_20-21_f00304_t10.13_severe_blur.png,raw,0,0.0,0.0,18.85,18.85,True
video4,v04_20-21_f00304_t10.13_severe_blur.png,gaussian,0,0.0,0.766,15.315,16.081,True
video4,v04_20-21_f00304_t10.13_severe_blur.png,bilateral,0,0.0,10.178,17.243,27.42,True
video4,v04_20-21_f00304_t10.13_severe_blur.png,wiener_denoise,0,0.0,59.667,28.8,88.467,True
video4,v04_20-21_f00304_t10.13_severe_blur.png,wiener_deconv,0,0.0,68.243,28.275,96.518,True
video4,v04_20-21_f00304_t10.13_severe_blur.png,clahe,1,0.4099,4.78,16.342,21.121,True
video4,v04_20-21_f00342_t11.40_severe_blur.png,raw,4,0.3475,0.002,25.663,25.665,True
video4,v04_20-21_f00342_t11.40_severe_blur.png,gaussian,2,0.4523,0.794,23.677,24.471,True
video4,v04_20-21_f00342_t11.40_severe_blur.png,bilateral,2,0.4414,10.019,19.377,29.396,True
video4,v04_20-21_f00342_t11.40_severe_blur.png,wiener_denoise,2,0.4642,47.602,27.521,75.123,True
video4,v04_20-21_f00342_t11.40_severe_blur.png,wiener_deconv,0,0.0,61.006,27.424,88.431,True
video4,v04_20-21_f00342_t11.40_severe_blur.png,clahe,3,0.4034,4.03,16.017,20.047,True
video4,v04_20-21_f00380_t12.67_moderate_blur.png,raw,2,0.5986,0.0,18.146,18.146,True
video4,v04_20-21_f00380_t12.67_moderate_blur.png,gaussian,2,0.6001,0.885,16.642,17.528,True
video4,v04_20-21_f00380_t12.67_moderate_blur.png,bilateral,2,0.4756,9.135,17.111,26.246,True
video4,v04_20-21_f00380_t12.67_moderate_blur.png,wiener_denoise,2,0.5719,57.871,29.682,87.552,True
video4,v04_20-21_f00380_t12.67_moderate_blur.png,wiener_deconv,0,0.0,61.869,23.741,85.61,True
video4,v04_20-21_f00380_t12.67_moderate_blur.png,clahe,2,0.3825,3.048,23.927,26.975,True
video4,v04_20-21_f00418_t13.93_moderate_blur.png,raw,4,0.5068,0.0,19.079,19.079,True
video4,v04_20-21_f00418_t13.93_moderate_blur.png,gaussian,2,0.8205,0.673,16.219,16.892,True
video4,v04_20-21_f00418_t13.93_moderate_blur.png,bilateral,4,0.4699,9.988,16.611,26.599,True
video4,v04_20-21_f00418_t13.93_moderate_blur.png,wiener_denoise,4,0.4921,58.109,28.693,86.802,True
video4,v04_20-21_f00418_t13.93_moderate_blur.png,wiener_deconv,0,0.0,62.989,30.131,93.12,True
video4,v04_20-21_f00418_t13.93_moderate_blur.png,clahe,4,0.458,3.529,19.342,22.872,True
video5,v05_20-23_f00000_t00.00_clear.png,raw,0,0.0,0.0,15.891,15.891,True
video5,v05_20-23_f00000_t00.00_clear.png,gaussian,3,0.3301,0.756,16.857,17.613,True
video5,v05_20-23_f00000_t00.00_clear.png,bilateral,3,0.3767,9.853,19.267,29.12,True
video5,v05_20-23_f00000_t00.00_clear.png,wiener_denoise,2,0.2308,47.232,21.144,68.376,True
video5,v05_20-23_f00000_t00.00_clear.png,wiener_deconv,0,0.0,59.728,19.699,79.427,True
video5,v05_20-23_f00000_t00.00_clear.png,clahe,0,0.0,4.077,17.075,21.152,True
video5,v05_20-23_f00022_t00.73_clear.png,raw,0,0.0,0.0,19.479,19.479,True
video5,v05_20-23_f00022_t00.73_clear.png,gaussian,0,0.0,0.583,15.952,16.535,True
video5,v05_20-23_f00022_t00.73_clear.png,bilateral,0,0.0,9.263,19.053,28.316,True
video5,v05_20-23_f00022_t00.73_clear.png,wiener_denoise,0,0.0,50.341,31.948,82.289,True
video5,v05_20-23_f00022_t00.73_clear.png,wiener_deconv,0,0.0,64.888,25.594,90.483,True
video5,v05_20-23_f00022_t00.73_clear.png,clahe,0,0.0,3.732,15.244,18.976,True
video5,v05_20-23_f00068_t02.27_moderate_blur.png,raw,0,0.0,0.0,19.944,19.945,True
video5,v05_20-23_f00068_t02.27_moderate_blur.png,gaussian,0,0.0,0.531,15.692,16.223,True
video5,v05_20-23_f00068_t02.27_moderate_blur.png,bilateral,0,0.0,9.527,14.966,24.493,True
video5,v05_20-23_f00068_t02.27_moderate_blur.png,wiener_denoise,0,0.0,41.81,18.006,59.817,True
video5,v05_20-23_f00068_t02.27_moderate_blur.png,wiener_deconv,0,0.0,62.962,26.037,88.999,True
video5,v05_20-23_f00068_t02.27_moderate_blur.png,clahe,0,0.0,4.239,14.116,18.355,True
video5,v05_20-23_f00136_t04.53_moderate_blur.png,raw,0,0.0,0.002,20.522,20.523,True
video5,v05_20-23_f00136_t04.53_moderate_blur.png,gaussian,0,0.0,0.805,18.868,19.674,True
video5,v05_20-23_f00136_t04.53_moderate_blur.png,bilateral,0,0.0,11.183,14.821,26.004,True
video5,v05_20-23_f00136_t04.53_moderate_blur.png,wiener_denoise,0,0.0,43.749,17.8,61.549,True
video5,v05_20-23_f00136_t04.53_moderate_blur.png,wiener_deconv,0,0.0,62.017,24.952,86.969,True
video5,v05_20-23_f00136_t04.53_moderate_blur.png,clahe,0,0.0,2.98,15.277,18.257,True
video5,v05_20-23_f00181_t06.03_moderate_blur.png,raw,1,0.4655,0.0,19.746,19.747,True
video5,v05_20-23_f00181_t06.03_moderate_blur.png,gaussian,1,0.3841,0.668,16.707,17.375,True
video5,v05_20-23_f00181_t06.03_moderate_blur.png,bilateral,0,0.0,9.709,16.804,26.513,True
video5,v05_20-23_f00181_t06.03_moderate_blur.png,wiener_denoise,1,0.2882,41.121,17.945,59.066,True
video5,v05_20-23_f00181_t06.03_moderate_blur.png,wiener_deconv,0,0.0,64.728,23.879,88.606,True
video5,v05_20-23_f00181_t06.03_moderate_blur.png,clahe,0,0.0,3.703,14.427,18.129,True
video5,v05_20-23_f00204_t06.80_clear.png,raw,0,0.0,0.0,18.568,18.568,True
video5,v05_20-23_f00204_t06.80_clear.png,gaussian,0,0.0,1.219,14.811,16.03,True
video5,v05_20-23_f00204_t06.80_clear.png,bilateral,0,0.0,9.541,16.352,25.892,True
video5,v05_20-23_f00204_t06.80_clear.png,wiener_denoise,0,0.0,43.849,28.85,72.699,True
video5,v05_20-23_f00204_t06.80_clear.png,wiener_deconv,0,0.0,70.777,27.134,97.911,True
video5,v05_20-23_f00204_t06.80_clear.png,clahe,0,0.0,3.098,16.791,19.889,True
video5,v05_20-23_f00250_t08.33_moderate_blur.png,raw,0,0.0,0.0,16.98,16.981,True
video5,v05_20-23_f00250_t08.33_moderate_blur.png,gaussian,0,0.0,0.97,15.468,16.437,True
video5,v05_20-23_f00250_t08.33_moderate_blur.png,bilateral,0,0.0,12.42,16.168,28.588,True
video5,v05_20-23_f00250_t08.33_moderate_blur.png,wiener_denoise,0,0.0,45.291,16.704,61.995,True
video5,v05_20-23_f00250_t08.33_moderate_blur.png,wiener_deconv,0,0.0,62.338,23.368,85.706,True
video5,v05_20-23_f00250_t08.33_moderate_blur.png,clahe,0,0.0,3.322,14.971,18.293,True
video5,v05_20-23_f00295_t09.83_clear.png,raw,1,0.2342,0.0,20.97,20.97,True
video5,v05_20-23_f00295_t09.83_clear.png,gaussian,1,0.1695,0.625,16.306,16.931,True
video5,v05_20-23_f00295_t09.83_clear.png,bilateral,0,0.0,9.458,17.328,26.786,True
video5,v05_20-23_f00295_t09.83_clear.png,wiener_denoise,0,0.0,41.099,18.742,59.841,True
video5,v05_20-23_f00295_t09.83_clear.png,wiener_deconv,0,0.0,66.233,24.303,90.536,True
video5,v05_20-23_f00295_t09.83_clear.png,clahe,0,0.0,4.4,16.331,20.731,True
video5,v05_20-23_f00318_t10.60_moderate_blur.png,raw,2,0.3984,0.0,18.649,18.65,True
video5,v05_20-23_f00318_t10.60_moderate_blur.png,gaussian,2,0.3727,0.513,16.733,17.247,True
video5,v05_20-23_f00318_t10.60_moderate_blur.png,bilateral,2,0.2311,11.761,18.523,30.284,True
video5,v05_20-23_f00318_t10.60_moderate_blur.png,wiener_denoise,2,0.3564,41.314,18.241,59.555,True
video5,v05_20-23_f00318_t10.60_moderate_blur.png,wiener_deconv,0,0.0,69.621,26.015,95.636,True
video5,v05_20-23_f00318_t10.60_moderate_blur.png,clahe,2,0.2396,2.929,15.869,18.798,True
video5,v05_20-23_f00386_t12.87_severe_blur.png,raw,0,0.0,0.0,15.677,15.678,True
video5,v05_20-23_f00386_t12.87_severe_blur.png,gaussian,0,0.0,0.672,14.793,15.465,True
video5,v05_20-23_f00386_t12.87_severe_blur.png,bilateral,0,0.0,13.474,16.716,30.19,True
video5,v05_20-23_f00386_t12.87_severe_blur.png,wiener_denoise,0,0.0,49.353,25.905,75.259,True
video5,v05_20-23_f00386_t12.87_severe_blur.png,wiener_deconv,1,0.1794,64.574,28.48,93.054,True
video5,v05_20-23_f00386_t12.87_severe_blur.png,clahe,0,0.0,3.613,18.09,21.704,True
video5,v05_20-23_f00432_t14.40_severe_blur.png,raw,0,0.0,0.001,17.503,17.504,True
video5,v05_20-23_f00432_t14.40_severe_blur.png,gaussian,0,0.0,0.569,15.002,15.571,True
video5,v05_20-23_f00432_t14.40_severe_blur.png,bilateral,0,0.0,11.636,17.252,28.888,True
video5,v05_20-23_f00432_t14.40_severe_blur.png,wiener_denoise,0,0.0,60.4,18.67,79.07,True
video5,v05_20-23_f00432_t14.40_severe_blur.png,wiener_deconv,0,0.0,67.873,23.584,91.457,True
video5,v05_20-23_f00432_t14.40_severe_blur.png,clahe,0,0.0,6.84,15.873,22.714,True
video5,v05_20-23_f00477_t15.90_severe_blur.png,raw,0,0.0,0.0,20.144,20.144,True
video5,v05_20-23_f00477_t15.90_severe_blur.png,gaussian,0,0.0,1.006,18.915,19.921,True
video5,v05_20-23_f00477_t15.90_severe_blur.png,bilateral,0,0.0,9.841,17.508,27.348,True
video5,v05_20-23_f00477_t15.90_severe_blur.png,wiener_denoise,0,0.0,83.786,26.151,109.937,True
video5,v05_20-23_f00477_t15.90_severe_blur.png,wiener_deconv,0,0.0,67.287,25.545,92.831,True
video5,v05_20-23_f00477_t15.90_severe_blur.png,clahe,0,0.0,3.056,22.827,25.883,True
video6,v06_20-24_f00000_t00.00_clear.png,raw,1,0.8283,0.0,20.985,20.986,True
video6,v06_20-24_f00000_t00.00_clear.png,gaussian,1,0.8025,0.644,21.792,22.436,True
video6,v06_20-24_f00000_t00.00_clear.png,bilateral,1,0.7152,11.064,19.923,30.987,True
video6,v06_20-24_f00000_t00.00_clear.png,wiener_denoise,1,0.8073,60.622,28.258,88.879,True
video6,v06_20-24_f00000_t00.00_clear.png,wiener_deconv,0,0.0,69.564,29.042,98.606,True
video6,v06_20-24_f00000_t00.00_clear.png,clahe,2,0.3096,4.231,19.911,24.142,True
video6,v06_20-24_f00030_t01.00_clear.png,raw,2,0.5663,0.0,21.724,21.724,True
video6,v06_20-24_f00030_t01.00_clear.png,gaussian,2,0.5054,0.667,30.396,31.064,True
video6,v06_20-24_f00030_t01.00_clear.png,bilateral,2,0.4665,10.166,18.602,28.768,True
video6,v06_20-24_f00030_t01.00_clear.png,wiener_denoise,2,0.5138,48.125,28.582,76.707,True
video6,v06_20-24_f00030_t01.00_clear.png,wiener_deconv,0,0.0,58.209,20.981,79.191,True
video6,v06_20-24_f00030_t01.00_clear.png,clahe,2,0.3519,3.243,21.592,24.835,True
video6,v06_20-24_f00123_t04.10_moderate_blur.png,raw,2,0.5028,0.0,19.056,19.056,True
video6,v06_20-24_f00123_t04.10_moderate_blur.png,gaussian,2,0.4315,0.639,16.366,17.005,True
video6,v06_20-24_f00123_t04.10_moderate_blur.png,bilateral,1,0.688,9.7,18.436,28.136,True
video6,v06_20-24_f00123_t04.10_moderate_blur.png,wiener_denoise,1,0.6782,43.0,20.312,63.313,True
video6,v06_20-24_f00123_t04.10_moderate_blur.png,wiener_deconv,0,0.0,58.016,24.77,82.786,True
video6,v06_20-24_f00123_t04.10_moderate_blur.png,clahe,1,0.8328,3.892,16.535,20.427,True
video6,v06_20-24_f00154_t05.13_moderate_blur.png,raw,3,0.2518,0.0,18.649,18.649,True
video6,v06_20-24_f00154_t05.13_moderate_blur.png,gaussian,2,0.2718,0.525,18.245,18.77,True
video6,v06_20-24_f00154_t05.13_moderate_blur.png,bilateral,0,0.0,10.317,15.333,25.65,True
video6,v06_20-24_f00154_t05.13_moderate_blur.png,wiener_denoise,2,0.2582,49.348,25.747,75.095,True
video6,v06_20-24_f00154_t05.13_moderate_blur.png,wiener_deconv,0,0.0,66.871,18.34,85.211,True
video6,v06_20-24_f00154_t05.13_moderate_blur.png,clahe,2,0.2593,3.634,17.182,20.816,True
video6,v06_20-24_f00184_t06.13_severe_blur.png,raw,1,0.6011,0.002,17.921,17.922,True
video6,v06_20-24_f00184_t06.13_severe_blur.png,gaussian,1,0.4878,0.69,16.379,17.069,True
video6,v06_20-24_f00184_t06.13_severe_blur.png,bilateral,1,0.3556,10.219,18.85,29.069,True
video6,v06_20-24_f00184_t06.13_severe_blur.png,wiener_denoise,1,0.4248,62.392,27.656,90.049,True
video6,v06_20-24_f00184_t06.13_severe_blur.png,wiener_deconv,0,0.0,69.739,25.422,95.161,True
video6,v06_20-24_f00184_t06.13_severe_blur.png,clahe,1,0.3258,3.212,17.279,20.491,True
video6,v06_20-24_f00215_t07.17_severe_blur.png,raw,1,0.4897,0.0,17.965,17.966,True
video6,v06_20-24_f00215_t07.17_severe_blur.png,gaussian,2,0.2663,0.656,17.199,17.855,True
video6,v06_20-24_f00215_t07.17_severe_blur.png,bilateral,2,0.1914,9.555,17.044,26.599,True
video6,v06_20-24_f00215_t07.17_severe_blur.png,wiener_denoise,3,0.2209,43.725,28.758,72.483,True
video6,v06_20-24_f00215_t07.17_severe_blur.png,wiener_deconv,0,0.0,62.691,18.924,81.616,True
video6,v06_20-24_f00215_t07.17_severe_blur.png,clahe,0,0.0,3.051,15.96,19.012,True
video6,v06_20-24_f00246_t08.20_clear.png,raw,0,0.0,0.0,19.479,19.48,True
video6,v06_20-24_f00246_t08.20_clear.png,gaussian,0,0.0,0.942,15.416,16.358,True
video6,v06_20-24_f00246_t08.20_clear.png,bilateral,0,0.0,9.566,16.528,26.094,True
video6,v06_20-24_f00246_t08.20_clear.png,wiener_denoise,0,0.0,47.78,27.121,74.902,True
video6,v06_20-24_f00246_t08.20_clear.png,wiener_deconv,0,0.0,76.95,25.675,102.625,True
video6,v06_20-24_f00246_t08.20_clear.png,clahe,0,0.0,4.942,18.557,23.499,True
video6,v06_20-24_f00277_t09.23_moderate_blur.png,raw,3,0.2119,0.0,20.661,20.661,True
video6,v06_20-24_f00277_t09.23_moderate_blur.png,gaussian,2,0.1968,0.718,16.829,17.548,True
video6,v06_20-24_f00277_t09.23_moderate_blur.png,bilateral,1,0.1732,9.819,16.918,26.736,True
video6,v06_20-24_f00277_t09.23_moderate_blur.png,wiener_denoise,1,0.2325,45.254,20.456,65.71,True
video6,v06_20-24_f00277_t09.23_moderate_blur.png,wiener_deconv,0,0.0,65.153,27.24,92.393,True
video6,v06_20-24_f00277_t09.23_moderate_blur.png,clahe,2,0.1829,5.354,21.42,26.774,True
video6,v06_20-24_f00431_t14.37_moderate_blur.png,raw,0,0.0,0.0,17.535,17.535,True
video6,v06_20-24_f00431_t14.37_moderate_blur.png,gaussian,0,0.0,0.632,15.422,16.054,True
video6,v06_20-24_f00431_t14.37_moderate_blur.png,bilateral,0,0.0,11.648,15.492,27.139,True
video6,v06_20-24_f00431_t14.37_moderate_blur.png,wiener_denoise,0,0.0,64.652,27.465,92.117,True
video6,v06_20-24_f00431_t14.37_moderate_blur.png,wiener_deconv,0,0.0,87.282,28.74,116.022,True
video6,v06_20-24_f00431_t14.37_moderate_blur.png,clahe,0,0.0,3.332,15.3,18.631,True
video6,v06_20-24_f00493_t16.43_severe_blur.png,raw,0,0.0,0.0,15.873,15.874,True
video6,v06_20-24_f00493_t16.43_severe_blur.png,gaussian,0,0.0,0.614,15.135,15.749,True
video6,v06_20-24_f00493_t16.43_severe_blur.png,bilateral,0,0.0,10.988,16.776,27.764,True
video6,v06_20-24_f00493_t16.43_severe_blur.png,wiener_denoise,0,0.0,54.457,16.2,70.657,True
video6,v06_20-24_f00493_t16.43_severe_blur.png,wiener_deconv,0,0.0,60.833,30.794,91.627,True
video6,v06_20-24_f00493_t16.43_severe_blur.png,clahe,0,0.0,2.99,14.643,17.633,True
video6,v06_20-24_f00616_t20.53_moderate_blur.png,raw,0,0.0,0.0,19.626,19.626,True
video6,v06_20-24_f00616_t20.53_moderate_blur.png,gaussian,0,0.0,0.606,15.17,15.776,True
video6,v06_20-24_f00616_t20.53_moderate_blur.png,bilateral,0,0.0,9.276,16.518,25.794,True
video6,v06_20-24_f00616_t20.53_moderate_blur.png,wiener_denoise,0,0.0,55.342,27.105,82.447,True
video6,v06_20-24_f00616_t20.53_moderate_blur.png,wiener_deconv,0,0.0,63.359,23.881,87.24,True
video6,v06_20-24_f00616_t20.53_moderate_blur.png,clahe,0,0.0,2.927,16.222,19.149,True
video6,v06_20-24_f00647_t21.57_clear.png,raw,0,0.0,0.003,16.716,16.719,True
video6,v06_20-24_f00647_t21.57_clear.png,gaussian,0,0.0,0.613,14.938,15.55,True
video6,v06_20-24_f00647_t21.57_clear.png,bilateral,0,0.0,10.314,16.873,27.188,True
video6,v06_20-24_f00647_t21.57_clear.png,wiener_denoise,0,0.0,41.739,20.665,62.404,True
video6,v06_20-24_f00647_t21.57_clear.png,wiener_deconv,0,0.0,60.966,24.416,85.382,True
video6,v06_20-24_f00647_t21.57_clear.png,clahe,1,0.2386,5.258,16.959,22.216,True
video7,v07_20-25_f00000_t00.00_clear.png,raw,1,0.1519,0.0,19.473,19.474,True
video7,v07_20-25_f00000_t00.00_clear.png,gaussian,0,0.0,0.854,13.702,14.556,True
video7,v07_20-25_f00000_t00.00_clear.png,bilateral,0,0.0,9.624,16.335,25.959,True
video7,v07_20-25_f00000_t00.00_clear.png,wiener_denoise,0,0.0,42.939,27.381,70.32,True
video7,v07_20-25_f00000_t00.00_clear.png,wiener_deconv,0,0.0,70.776,23.875,94.65,True
video7,v07_20-25_f00000_t00.00_clear.png,clahe,0,0.0,4.411,19.074,23.486,True
video7,v07_20-25_f00014_t00.47_moderate_blur.png,raw,0,0.0,0.0,19.352,19.353,True
video7,v07_20-25_f00014_t00.47_moderate_blur.png,gaussian,0,0.0,0.586,16.828,17.414,True
video7,v07_20-25_f00014_t00.47_moderate_blur.png,bilateral,0,0.0,9.745,16.742,26.486,True
video7,v07_20-25_f00014_t00.47_moderate_blur.png,wiener_denoise,0,0.0,49.396,26.799,76.196,True
video7,v07_20-25_f00014_t00.47_moderate_blur.png,wiener_deconv,0,0.0,61.248,19.78,81.028,True
video7,v07_20-25_f00014_t00.47_moderate_blur.png,clahe,0,0.0,3.73,15.01,18.74,True
video7,v07_20-25_f00029_t00.97_clear.png,raw,0,0.0,0.0,21.401,21.402,True
video7,v07_20-25_f00029_t00.97_clear.png,gaussian,0,0.0,0.737,15.047,15.784,True
video7,v07_20-25_f00029_t00.97_clear.png,bilateral,0,0.0,10.325,17.06,27.385,True
video7,v07_20-25_f00029_t00.97_clear.png,wiener_denoise,0,0.0,51.146,25.679,76.824,True
video7,v07_20-25_f00029_t00.97_clear.png,wiener_deconv,0,0.0,70.228,33.396,103.624,True
video7,v07_20-25_f00029_t00.97_clear.png,clahe,0,0.0,3.971,51.906,55.877,True
video7,v07_20-25_f00044_t01.47_clear.png,raw,0,0.0,0.0,24.68,24.681,True
video7,v07_20-25_f00044_t01.47_clear.png,gaussian,0,0.0,0.647,20.781,21.427,True
video7,v07_20-25_f00044_t01.47_clear.png,bilateral,0,0.0,12.557,33.341,45.898,True
video7,v07_20-25_f00044_t01.47_clear.png,wiener_denoise,0,0.0,47.926,21.283,69.208,True
video7,v07_20-25_f00044_t01.47_clear.png,wiener_deconv,0,0.0,66.771,27.426,94.197,True
video7,v07_20-25_f00044_t01.47_clear.png,clahe,0,0.0,2.987,16.865,19.852,True
video7,v07_20-25_f00059_t01.97_clear.png,raw,1,0.3537,0.002,24.114,24.116,True
video7,v07_20-25_f00059_t01.97_clear.png,gaussian,0,0.0,0.798,16.067,16.865,True
video7,v07_20-25_f00059_t01.97_clear.png,bilateral,0,0.0,11.772,17.9,29.673,True
video7,v07_20-25_f00059_t01.97_clear.png,wiener_denoise,0,0.0,50.1,23.233,73.333,True
video7,v07_20-25_f00059_t01.97_clear.png,wiener_deconv,1,0.1653,66.813,27.364,94.177,True
video7,v07_20-25_f00059_t01.97_clear.png,clahe,1,0.4497,3.105,17.387,20.492,True
video7,v07_20-25_f00074_t02.47_moderate_blur.png,raw,0,0.0,0.0,25.801,25.801,True
video7,v07_20-25_f00074_t02.47_moderate_blur.png,gaussian,0,0.0,0.777,17.369,18.146,True
video7,v07_20-25_f00074_t02.47_moderate_blur.png,bilateral,0,0.0,12.34,19.831,32.171,True
video7,v07_20-25_f00074_t02.47_moderate_blur.png,wiener_denoise,0,0.0,52.656,20.514,73.17,True
video7,v07_20-25_f00074_t02.47_moderate_blur.png,wiener_deconv,0,0.0,75.593,27.309,102.902,True
video7,v07_20-25_f00074_t02.47_moderate_blur.png,clahe,0,0.0,3.666,39.774,43.44,True
video7,v07_20-25_f00104_t03.47_severe_blur.png,raw,0,0.0,0.0,17.654,17.655,True
video7,v07_20-25_f00104_t03.47_severe_blur.png,gaussian,0,0.0,0.628,15.134,15.763,True
video7,v07_20-25_f00104_t03.47_severe_blur.png,bilateral,0,0.0,9.333,16.035,25.368,True
video7,v07_20-25_f00104_t03.47_severe_blur.png,wiener_denoise,0,0.0,49.288,24.229,73.516,True
video7,v07_20-25_f00104_t03.47_severe_blur.png,wiener_deconv,0,0.0,60.728,27.246,87.975,True
video7,v07_20-25_f00104_t03.47_severe_blur.png,clahe,0,0.0,3.505,15.199,18.704,True
video7,v07_20-25_f00119_t03.97_moderate_blur.png,raw,0,0.0,0.0,25.074,25.074,True
video7,v07_20-25_f00119_t03.97_moderate_blur.png,gaussian,0,0.0,0.508,15.319,15.827,True
video7,v07_20-25_f00119_t03.97_moderate_blur.png,bilateral,0,0.0,9.52,14.666,24.186,True
video7,v07_20-25_f00119_t03.97_moderate_blur.png,wiener_denoise,0,0.0,48.735,24.824,73.559,True
video7,v07_20-25_f00119_t03.97_moderate_blur.png,wiener_deconv,0,0.0,59.755,24.508,84.263,True
video7,v07_20-25_f00119_t03.97_moderate_blur.png,clahe,0,0.0,4.357,16.869,21.225,True
video7,v07_20-25_f00149_t04.97_moderate_blur.png,raw,0,0.0,0.0,20.353,20.354,True
video7,v07_20-25_f00149_t04.97_moderate_blur.png,gaussian,0,0.0,0.576,13.953,14.529,True
video7,v07_20-25_f00149_t04.97_moderate_blur.png,bilateral,0,0.0,9.457,14.565,24.022,True
video7,v07_20-25_f00149_t04.97_moderate_blur.png,wiener_denoise,0,0.0,45.662,16.344,62.006,True
video7,v07_20-25_f00149_t04.97_moderate_blur.png,wiener_deconv,0,0.0,64.805,26.419,91.224,True
video7,v07_20-25_f00149_t04.97_moderate_blur.png,clahe,0,0.0,2.686,15.847,18.533,True
video7,v07_20-25_f00178_t05.93_severe_blur.png,raw,0,0.0,0.0,22.037,22.037,True
video7,v07_20-25_f00178_t05.93_severe_blur.png,gaussian,0,0.0,0.555,16.319,16.875,True
video7,v07_20-25_f00178_t05.93_severe_blur.png,bilateral,0,0.0,12.49,18.073,30.563,True
video7,v07_20-25_f00178_t05.93_severe_blur.png,wiener_denoise,0,0.0,44.011,17.98,61.991,True
video7,v07_20-25_f00178_t05.93_severe_blur.png,wiener_deconv,0,0.0,70.936,25.187,96.123,True
video7,v07_20-25_f00178_t05.93_severe_blur.png,clahe,0,0.0,4.896,17.055,21.951,True
video7,v07_20-25_f00223_t07.43_moderate_blur.png,raw,1,0.2693,0.0,17.955,17.956,True
video7,v07_20-25_f00223_t07.43_moderate_blur.png,gaussian,2,0.1688,0.698,15.9,16.598,True
video7,v07_20-25_f00223_t07.43_moderate_blur.png,bilateral,1,0.1595,9.564,17.52,27.084,True
video7,v07_20-25_f00223_t07.43_moderate_blur.png,wiener_denoise,0,0.0,55.084,25.364,80.448,True
video7,v07_20-25_f00223_t07.43_moderate_blur.png,wiener_deconv,0,0.0,71.198,24.922,96.12,True
video7,v07_20-25_f00223_t07.43_moderate_blur.png,clahe,2,0.333,7.474,24.15,31.624,True
video7,v07_20-25_f00268_t08.93_severe_blur.png,raw,0,0.0,0.004,38.793,38.797,True
video7,v07_20-25_f00268_t08.93_severe_blur.png,gaussian,0,0.0,12.012,28.478,40.49,True
video7,v07_20-25_f00268_t08.93_severe_blur.png,bilateral,0,0.0,55.555,40.861,96.416,True
video7,v07_20-25_f00268_t08.93_severe_blur.png,wiener_denoise,0,0.0,174.986,26.142,201.127,True
video7,v07_20-25_f00268_t08.93_severe_blur.png,wiener_deconv,0,0.0,75.253,23.276,98.529,True
video7,v07_20-25_f00268_t08.93_severe_blur.png,clahe,1,0.2596,4.215,23.387,27.601,True
