degradation,severity,filter,psnr,ssim,precision,recall,map50,preprocess_ms,yolo_ms,total_ms,n_images
none,-,raw,inf,1.0,0.7723,0.5591,0.5398,0.001,170.597,170.597,40
none,-,gaussian,26.142,0.789,0.7811,0.4731,0.4815,1.296,38.519,39.814,40
none,-,bilateral,32.159,0.8852,0.7371,0.5627,0.4957,13.309,42.63,55.94,40
none,-,wiener_denoise,30.658,0.8258,0.7795,0.5448,0.5064,63.889,45.941,109.829,40
none,-,wiener_deconv,13.462,0.2191,0.4167,0.0179,0.0078,59.92,43.212,103.132,40
none,-,clahe,19.986,0.8408,0.7665,0.5412,0.5196,7.73,39.67,47.4,40
noise,mild,raw,28.34,0.6916,0.7943,0.4982,0.5005,0.001,42.634,42.635,40
noise,mild,gaussian,25.91,0.7592,0.761,0.4337,0.4314,0.706,40.633,41.339,40
noise,mild,bilateral,31.521,0.8707,0.7488,0.5448,0.4787,11.141,44.391,55.532,40
noise,mild,wiener_denoise,29.287,0.7951,0.7553,0.509,0.4671,62.663,47.294,109.957,40
noise,mild,wiener_deconv,12.271,0.07,0.0,0.0,0.0,58.827,45.484,104.311,40
noise,mild,clahe,18.156,0.5304,0.7654,0.491,0.4529,4.021,48.645,52.667,40
noise,medium,raw,20.653,0.3923,0.7279,0.3548,0.322,0.001,46.576,46.577,40
noise,medium,gaussian,24.951,0.6667,0.7612,0.3656,0.3473,0.781,46.331,47.112,40
noise,medium,bilateral,28.047,0.7324,0.7561,0.4444,0.3733,12.397,45.082,57.48,40
noise,medium,wiener_denoise,26.348,0.6916,0.7517,0.3907,0.3387,63.939,50.393,114.332,40
noise,medium,wiener_deconv,9.807,0.0324,0.0,0.0,0.0,56.637,43.696,100.333,40
noise,medium,clahe,14.951,0.3236,0.7114,0.3799,0.3066,4.947,65.661,70.608,40
noise,strong,raw,15.961,0.2349,0.7093,0.2186,0.1685,0.001,52.025,52.026,40
noise,strong,gaussian,23.194,0.542,0.7857,0.276,0.2567,0.76,40.411,41.171,40
noise,strong,bilateral,21.095,0.3961,0.7727,0.3047,0.2524,11.275,39.439,50.714,40
noise,strong,wiener_denoise,23.17,0.532,0.7849,0.2616,0.2144,64.088,46.672,110.76,40
noise,strong,wiener_deconv,8.044,0.0187,0.0,0.0,0.0,60.135,41.105,101.24,40
noise,strong,clahe,12.292,0.2099,0.7941,0.1935,0.1273,3.571,54.948,58.519,40
blur,mild,raw,24.909,0.7558,0.7391,0.3656,0.3271,0.001,39.876,39.877,40
blur,mild,gaussian,23.96,0.6877,0.7669,0.3656,0.3699,0.726,43.056,43.782,40
blur,mild,bilateral,24.458,0.6968,0.7381,0.3333,0.3298,11.201,43.273,54.474,40
blur,mild,wiener_denoise,24.486,0.696,0.7537,0.362,0.3475,67.265,45.297,112.562,40
blur,mild,wiener_deconv,27.336,0.8727,0.821,0.4767,0.4334,63.114,48.152,111.267,40
blur,mild,clahe,18.911,0.6885,0.7642,0.3369,0.2968,3.864,48.379,52.243,40
blur,medium,raw,22.765,0.6587,0.7821,0.2186,0.196,0.008,44.997,45.005,40
blur,medium,gaussian,22.332,0.6137,0.7889,0.2545,0.2461,0.774,54.873,55.647,40
blur,medium,bilateral,22.574,0.6202,0.7529,0.2294,0.2112,11.24,52.68,63.92,40
blur,medium,wiener_denoise,22.591,0.6207,0.7391,0.2437,0.2431,66.378,53.391,119.77,40
blur,medium,wiener_deconv,24.459,0.7872,0.8145,0.362,0.3128,57.244,42.248,99.492,40
blur,medium,clahe,18.375,0.6035,0.7317,0.2151,0.1694,3.591,35.92,39.512,40
blur,severe,raw,21.19,0.5956,0.6667,0.1434,0.0774,0.001,35.083,35.084,40
blur,severe,gaussian,20.953,0.5636,0.7,0.1505,0.0992,0.763,37.394,38.156,40
blur,severe,bilateral,21.085,0.5673,0.7193,0.147,0.0942,11.335,39.206,50.541,40
blur,severe,wiener_denoise,21.097,0.5691,0.6406,0.147,0.0837,77.774,47.666,125.439,40
blur,severe,wiener_deconv,22.279,0.7076,0.7449,0.2616,0.1986,60.374,42.809,103.183,40
blur,severe,clahe,17.89,0.547,0.661,0.1398,0.0854,4.1,39.982,44.082,40
low_light,mild,raw,13.822,0.7031,0.7872,0.5305,0.5158,0.004,37.778,37.782,40
low_light,mild,gaussian,13.539,0.6207,0.7862,0.448,0.4451,0.792,38.507,39.299,40
low_light,mild,bilateral,13.682,0.651,0.7594,0.509,0.4422,12.511,46.613,59.125,40
low_light,mild,wiener_denoise,13.614,0.648,0.7604,0.5233,0.4764,76.114,51.952,128.066,40
low_light,mild,wiener_deconv,11.587,0.1127,0.4286,0.0215,0.008,61.174,41.365,102.539,40
low_light,mild,clahe,17.761,0.6946,0.765,0.5018,0.4862,3.744,43.024,46.768,40
low_light,medium,raw,9.599,0.2801,0.6911,0.3047,0.2355,0.001,40.46,40.461,40
low_light,medium,gaussian,9.589,0.3817,0.7719,0.3154,0.2661,0.767,40.238,41.005,40
low_light,medium,bilateral,9.597,0.3861,0.7417,0.4014,0.3491,13.089,50.709,63.798,40
low_light,medium,wiener_denoise,9.565,0.3833,0.7463,0.3584,0.3175,77.684,43.804,121.488,40
low_light,medium,wiener_deconv,8.964,0.047,0.0,0.0,0.0,60.227,39.685,99.912,40
low_light,medium,clahe,13.376,0.3864,0.7177,0.319,0.2713,3.965,40.304,44.269,40
low_light,severe,raw,7.382,0.0856,0.6667,0.0072,0.0009,0.001,34.303,34.304,40
low_light,severe,gaussian,7.458,0.1949,0.7222,0.0466,0.0234,0.71,35.191,35.901,40
low_light,severe,bilateral,7.425,0.1933,0.8125,0.0466,0.0404,12.221,43.645,55.867,40
low_light,severe,wiener_denoise,7.415,0.1793,0.7273,0.0287,0.0258,69.059,41.258,110.317,40
low_light,severe,wiener_deconv,7.712,0.0254,0.0,0.0,0.0,65.487,43.182,108.669,40
low_light,severe,clahe,9.41,0.131,0.6667,0.0072,0.0009,4.345,41.828,46.173,40
glare,mild,raw,18.244,0.9266,0.7744,0.5412,0.5252,0.001,38.34,38.341,40
glare,mild,gaussian,17.639,0.7666,0.7706,0.4695,0.4863,0.739,40.802,41.541,40
glare,mild,bilateral,18.194,0.8731,0.756,0.5663,0.4902,12.113,45.024,57.136,40
glare,mild,wiener_denoise,18.203,0.8016,0.7824,0.5412,0.4779,73.779,46.09,119.869,40
glare,mild,wiener_deconv,11.888,0.2062,0.3333,0.0143,0.0085,71.805,50.504,122.31,40
glare,mild,clahe,16.889,0.7747,0.768,0.5341,0.5179,4.447,44.373,48.82,40
glare,medium,raw,13.649,0.8119,0.7826,0.5161,0.4737,0.002,46.184,46.185,40
glare,medium,gaussian,13.525,0.7018,0.7975,0.4659,0.4602,1.052,47.193,48.245,40
glare,medium,bilateral,13.651,0.7957,0.7512,0.5412,0.4549,13.309,47.83,61.138,40
glare,medium,wiener_denoise,13.743,0.7344,0.7824,0.5412,0.4815,63.013,45.998,109.011,40
glare,medium,wiener_deconv,10.503,0.2034,0.3636,0.0143,0.0086,60.804,48.247,109.052,40
glare,medium,clahe,13.727,0.7004,0.7581,0.5054,0.4437,4.752,59.303,64.056,40
glare,severe,raw,10.893,0.6799,0.738,0.4946,0.4401,0.001,49.215,49.216,40
glare,severe,gaussian,10.892,0.6151,0.7875,0.4516,0.4531,0.855,50.268,51.122,40
glare,severe,bilateral,10.896,0.6846,0.7192,0.5233,0.4457,12.058,48.606,60.664,40
glare,severe,wiener_denoise,11.002,0.6437,0.7892,0.5233,0.4569,81.186,56.18,137.366,40
glare,severe,wiener_deconv,9.293,0.204,0.3,0.0108,0.0143,58.561,49.456,108.017,40
glare,severe,clahe,11.232,0.6166,0.7419,0.4946,0.4193,4.483,56.752,61.235,40
