model,confidence_threshold,video,frame,filter,n_detections,mean_confidence,preprocess_ms,yolo_ms,total_ms,annotated
yolov8n.pt,0.15,video1,v01_20-16_f00054_t01.82_clear.png,raw,0,0.0,0.009,1067.59,1067.599,True
yolov8n.pt,0.15,video1,v01_20-16_f00054_t01.82_clear.png,gaussian,0,0.0,0.918,41.82,42.738,True
yolov8n.pt,0.15,video1,v01_20-16_f00054_t01.82_clear.png,bilateral,0,0.0,8.619,46.306,54.925,True
yolov8n.pt,0.15,video1,v01_20-16_f00054_t01.82_clear.png,wiener_denoise,0,0.0,37.075,44.416,81.492,True
yolov8n.pt,0.15,video1,v01_20-16_f00054_t01.82_clear.png,wiener_deconv,0,0.0,51.615,51.628,103.243,True
yolov8n.pt,0.15,video1,v01_20-16_f00054_t01.82_clear.png,clahe,0,0.0,86.031,51.413,137.445,True
yolov8n.pt,0.15,video1,v01_20-16_f00081_t02.73_clear.png,raw,0,0.0,0.0,54.102,54.102,True
yolov8n.pt,0.15,video1,v01_20-16_f00081_t02.73_clear.png,gaussian,0,0.0,0.564,49.207,49.771,True
yolov8n.pt,0.15,video1,v01_20-16_f00081_t02.73_clear.png,bilateral,0,0.0,9.349,52.342,61.692,True
yolov8n.pt,0.15,video1,v01_20-16_f00081_t02.73_clear.png,wiener_denoise,0,0.0,45.693,52.722,98.414,True
yolov8n.pt,0.15,video1,v01_20-16_f00081_t02.73_clear.png,wiener_deconv,0,0.0,63.456,51.284,114.74,True
yolov8n.pt,0.15,video1,v01_20-16_f00081_t02.73_clear.png,clahe,0,0.0,2.805,53.111,55.915,True
yolov8n.pt,0.15,video1,v01_20-16_f00108_t03.63_moderate_blur.png,raw,0,0.0,0.001,50.459,50.46,True
yolov8n.pt,0.15,video1,v01_20-16_f00108_t03.63_moderate_blur.png,gaussian,0,0.0,0.602,52.927,53.529,True
yolov8n.pt,0.15,video1,v01_20-16_f00108_t03.63_moderate_blur.png,bilateral,0,0.0,8.679,49.866,58.546,True
yolov8n.pt,0.15,video1,v01_20-16_f00108_t03.63_moderate_blur.png,wiener_denoise,0,0.0,41.571,52.192,93.763,True
yolov8n.pt,0.15,video1,v01_20-16_f00108_t03.63_moderate_blur.png,wiener_deconv,0,0.0,57.959,52.699,110.659,True
yolov8n.pt,0.15,video1,v01_20-16_f00108_t03.63_moderate_blur.png,clahe,0,0.0,4.957,53.547,58.504,True
yolov8n.pt,0.15,video1,v01_20-16_f00162_t05.45_moderate_blur.png,raw,0,0.0,0.0,56.389,56.39,True
yolov8n.pt,0.15,video1,v01_20-16_f00162_t05.45_moderate_blur.png,gaussian,0,0.0,0.557,44.25,44.807,True
yolov8n.pt,0.15,video1,v01_20-16_f00162_t05.45_moderate_blur.png,bilateral,0,0.0,8.688,47.554,56.242,True
yolov8n.pt,0.15,video1,v01_20-16_f00162_t05.45_moderate_blur.png,wiener_denoise,0,0.0,41.232,48.0,89.232,True
yolov8n.pt,0.15,video1,v01_20-16_f00162_t05.45_moderate_blur.png,wiener_deconv,0,0.0,57.757,49.095,106.852,True
yolov8n.pt,0.15,video1,v01_20-16_f00162_t05.45_moderate_blur.png,clahe,0,0.0,3.049,47.936,50.985,True
yolov8n.pt,0.15,video1,v01_20-16_f00189_t06.36_clear.png,raw,5,0.47,0.0,41.624,41.624,True
yolov8n.pt,0.15,video1,v01_20-16_f00189_t06.36_clear.png,gaussian,7,0.3876,0.506,41.871,42.377,True
yolov8n.pt,0.15,video1,v01_20-16_f00189_t06.36_clear.png,bilateral,4,0.4809,8.93,47.752,56.683,True
yolov8n.pt,0.15,video1,v01_20-16_f00189_t06.36_clear.png,wiener_denoise,5,0.4521,35.183,36.056,71.239,True
yolov8n.pt,0.15,video1,v01_20-16_f00189_t06.36_clear.png,wiener_deconv,0,0.0,59.212,51.56,110.772,True
yolov8n.pt,0.15,video1,v01_20-16_f00189_t06.36_clear.png,clahe,6,0.3302,2.609,46.075,48.685,True
yolov8n.pt,0.15,video1,v01_20-16_f00270_t09.09_moderate_blur.png,raw,1,0.2277,0.001,51.309,51.31,True
yolov8n.pt,0.15,video1,v01_20-16_f00270_t09.09_moderate_blur.png,gaussian,1,0.2448,0.62,45.38,46.0,True
yolov8n.pt,0.15,video1,v01_20-16_f00270_t09.09_moderate_blur.png,bilateral,1,0.1859,8.452,41.817,50.269,True
yolov8n.pt,0.15,video1,v01_20-16_f00270_t09.09_moderate_blur.png,wiener_denoise,1,0.2542,39.735,45.708,85.443,True
yolov8n.pt,0.15,video1,v01_20-16_f00270_t09.09_moderate_blur.png,wiener_deconv,0,0.0,54.251,48.269,102.52,True
yolov8n.pt,0.15,video1,v01_20-16_f00270_t09.09_moderate_blur.png,clahe,1,0.1537,2.747,44.691,47.438,True
yolov8n.pt,0.15,video1,v01_20-16_f00325_t10.94_clear.png,raw,0,0.0,0.0,42.212,42.213,True
yolov8n.pt,0.15,video1,v01_20-16_f00325_t10.94_clear.png,gaussian,0,0.0,0.653,47.88,48.534,True
yolov8n.pt,0.15,video1,v01_20-16_f00325_t10.94_clear.png,bilateral,0,0.0,8.689,57.413,66.102,True
yolov8n.pt,0.15,video1,v01_20-16_f00325_t10.94_clear.png,wiener_denoise,0,0.0,43.839,44.847,88.686,True
yolov8n.pt,0.15,video1,v01_20-16_f00325_t10.94_clear.png,wiener_deconv,0,0.0,56.06,50.328,106.388,True
yolov8n.pt,0.15,video1,v01_20-16_f00325_t10.94_clear.png,clahe,0,0.0,2.768,55.538,58.306,True
yolov8n.pt,0.15,video1,v01_20-16_f00352_t11.85_moderate_blur.png,raw,1,0.192,0.0,50.963,50.963,True
yolov8n.pt,0.15,video1,v01_20-16_f00352_t11.85_moderate_blur.png,gaussian,1,0.1669,0.647,51.083,51.73,True
yolov8n.pt,0.15,video1,v01_20-16_f00352_t11.85_moderate_blur.png,bilateral,1,0.1733,8.607,52.231,60.838,True
yolov8n.pt,0.15,video1,v01_20-16_f00352_t11.85_moderate_blur.png,wiener_denoise,1,0.1625,37.705,51.348,89.053,True
yolov8n.pt,0.15,video1,v01_20-16_f00352_t11.85_moderate_blur.png,wiener_deconv,1,0.1826,56.834,56.706,113.541,True
yolov8n.pt,0.15,video1,v01_20-16_f00352_t11.85_moderate_blur.png,clahe,4,0.2364,2.783,45.841,48.624,True
yolov8n.pt,0.15,video1,v01_20-16_f00379_t12.75_severe_blur.png,raw,0,0.0,0.001,48.484,48.485,True
yolov8n.pt,0.15,video1,v01_20-16_f00379_t12.75_severe_blur.png,gaussian,0,0.0,0.504,46.809,47.314,True
yolov8n.pt,0.15,video1,v01_20-16_f00379_t12.75_severe_blur.png,bilateral,0,0.0,8.614,38.407,47.02,True
yolov8n.pt,0.15,video1,v01_20-16_f00379_t12.75_severe_blur.png,wiener_denoise,0,0.0,51.843,57.201,109.044,True
yolov8n.pt,0.15,video1,v01_20-16_f00379_t12.75_severe_blur.png,wiener_deconv,0,0.0,57.6,51.697,109.297,True
yolov8n.pt,0.15,video1,v01_20-16_f00379_t12.75_severe_blur.png,clahe,0,0.0,2.644,46.377,49.021,True
yolov8n.pt,0.15,video1,v01_20-16_f00433_t14.57_severe_blur.png,raw,0,0.0,0.0,40.952,40.953,True
yolov8n.pt,0.15,video1,v01_20-16_f00433_t14.57_severe_blur.png,gaussian,0,0.0,0.515,46.065,46.579,True
yolov8n.pt,0.15,video1,v01_20-16_f00433_t14.57_severe_blur.png,bilateral,0,0.0,8.558,44.671,53.229,True
yolov8n.pt,0.15,video1,v01_20-16_f00433_t14.57_severe_blur.png,wiener_denoise,0,0.0,47.322,55.6,102.922,True
yolov8n.pt,0.15,video1,v01_20-16_f00433_t14.57_severe_blur.png,wiener_deconv,0,0.0,53.986,48.231,102.218,True
yolov8n.pt,0.15,video1,v01_20-16_f00433_t14.57_severe_blur.png,clahe,0,0.0,4.055,48.864,52.919,True
yolov8n.pt,0.15,video1,v01_20-16_f00487_t16.39_moderate_blur.png,raw,0,0.0,0.0,45.283,45.284,True
yolov8n.pt,0.15,video1,v01_20-16_f00487_t16.39_moderate_blur.png,gaussian,0,0.0,0.617,48.631,49.248,True
yolov8n.pt,0.15,video1,v01_20-16_f00487_t16.39_moderate_blur.png,bilateral,0,0.0,8.783,46.698,55.48,True
yolov8n.pt,0.15,video1,v01_20-16_f00487_t16.39_moderate_blur.png,wiener_denoise,0,0.0,37.933,49.849,87.781,True
yolov8n.pt,0.15,video1,v01_20-16_f00487_t16.39_moderate_blur.png,wiener_deconv,0,0.0,60.782,58.217,118.999,True
yolov8n.pt,0.15,video1,v01_20-16_f00487_t16.39_moderate_blur.png,clahe,0,0.0,2.409,50.999,53.408,True
yolov8n.pt,0.15,video1,v01_20-16_f00541_t18.21_severe_blur.png,raw,0,0.0,0.001,49.243,49.244,True
yolov8n.pt,0.15,video1,v01_20-16_f00541_t18.21_severe_blur.png,gaussian,0,0.0,0.501,50.612,51.113,True
yolov8n.pt,0.15,video1,v01_20-16_f00541_t18.21_severe_blur.png,bilateral,0,0.0,9.208,45.35,54.558,True
yolov8n.pt,0.15,video1,v01_20-16_f00541_t18.21_severe_blur.png,wiener_denoise,0,0.0,38.763,47.464,86.227,True
yolov8n.pt,0.15,video1,v01_20-16_f00541_t18.21_severe_blur.png,wiener_deconv,0,0.0,55.33,47.111,102.441,True
yolov8n.pt,0.15,video1,v01_20-16_f00541_t18.21_severe_blur.png,clahe,0,0.0,2.809,48.323,51.132,True
yolov8n.pt,0.15,video2,v02_20-18_f00000_t00.00_clear.png,raw,0,0.0,0.0,45.56,45.561,True
yolov8n.pt,0.15,video2,v02_20-18_f00000_t00.00_clear.png,gaussian,0,0.0,0.591,49.815,50.407,True
yolov8n.pt,0.15,video2,v02_20-18_f00000_t00.00_clear.png,bilateral,0,0.0,8.611,45.62,54.231,True
yolov8n.pt,0.15,video2,v02_20-18_f00000_t00.00_clear.png,wiener_denoise,0,0.0,33.634,50.616,84.251,True
yolov8n.pt,0.15,video2,v02_20-18_f00000_t00.00_clear.png,wiener_deconv,0,0.0,52.896,46.847,99.743,True
yolov8n.pt,0.15,video2,v02_20-18_f00000_t00.00_clear.png,clahe,0,0.0,2.394,47.077,49.471,True
yolov8n.pt,0.15,video2,v02_20-18_f00037_t01.23_moderate_blur.png,raw,0,0.0,0.0,53.555,53.555,True
yolov8n.pt,0.15,video2,v02_20-18_f00037_t01.23_moderate_blur.png,gaussian,0,0.0,0.513,55.945,56.459,True
yolov8n.pt,0.15,video2,v02_20-18_f00037_t01.23_moderate_blur.png,bilateral,0,0.0,8.354,42.537,50.89,True
yolov8n.pt,0.15,video2,v02_20-18_f00037_t01.23_moderate_blur.png,wiener_denoise,0,0.0,39.657,45.399,85.056,True
yolov8n.pt,0.15,video2,v02_20-18_f00037_t01.23_moderate_blur.png,wiener_deconv,0,0.0,52.121,57.408,109.529,True
yolov8n.pt,0.15,video2,v02_20-18_f00037_t01.23_moderate_blur.png,clahe,0,0.0,2.855,45.864,48.718,True
yolov8n.pt,0.15,video2,v02_20-18_f00113_t03.77_clear.png,raw,0,0.0,0.0,48.889,48.889,True
yolov8n.pt,0.15,video2,v02_20-18_f00113_t03.77_clear.png,gaussian,0,0.0,0.525,53.378,53.903,True
yolov8n.pt,0.15,video2,v02_20-18_f00113_t03.77_clear.png,bilateral,0,0.0,8.653,45.694,54.346,True
yolov8n.pt,0.15,video2,v02_20-18_f00113_t03.77_clear.png,wiener_denoise,0,0.0,42.5,49.639,92.138,True
yolov8n.pt,0.15,video2,v02_20-18_f00113_t03.77_clear.png,wiener_deconv,0,0.0,52.794,47.815,100.609,True
yolov8n.pt,0.15,video2,v02_20-18_f00113_t03.77_clear.png,clahe,0,0.0,3.789,45.382,49.171,True
yolov8n.pt,0.15,video2,v02_20-18_f00151_t05.03_moderate_blur.png,raw,0,0.0,0.007,48.244,48.251,True
yolov8n.pt,0.15,video2,v02_20-18_f00151_t05.03_moderate_blur.png,gaussian,0,0.0,0.516,46.498,47.014,True
yolov8n.pt,0.15,video2,v02_20-18_f00151_t05.03_moderate_blur.png,bilateral,0,0.0,8.873,51.33,60.203,True
yolov8n.pt,0.15,video2,v02_20-18_f00151_t05.03_moderate_blur.png,wiener_denoise,0,0.0,39.634,42.135,81.769,True
yolov8n.pt,0.15,video2,v02_20-18_f00151_t05.03_moderate_blur.png,wiener_deconv,0,0.0,59.639,48.675,108.313,True
yolov8n.pt,0.15,video2,v02_20-18_f00151_t05.03_moderate_blur.png,clahe,0,0.0,2.897,50.161,53.059,True
yolov8n.pt,0.15,video2,v02_20-18_f00189_t06.30_severe_blur.png,raw,0,0.0,0.0,46.943,46.943,True
yolov8n.pt,0.15,video2,v02_20-18_f00189_t06.30_severe_blur.png,gaussian,0,0.0,0.508,47.597,48.105,True
yolov8n.pt,0.15,video2,v02_20-18_f00189_t06.30_severe_blur.png,bilateral,0,0.0,8.585,63.901,72.486,True
yolov8n.pt,0.15,video2,v02_20-18_f00189_t06.30_severe_blur.png,wiener_denoise,0,0.0,36.355,45.043,81.398,True
yolov8n.pt,0.15,video2,v02_20-18_f00189_t06.30_severe_blur.png,wiener_deconv,0,0.0,51.959,47.465,99.423,True
yolov8n.pt,0.15,video2,v02_20-18_f00189_t06.30_severe_blur.png,clahe,0,0.0,2.793,48.689,51.482,True
yolov8n.pt,0.15,video2,v02_20-18_f00264_t08.80_moderate_blur.png,raw,0,0.0,0.0,52.738,52.738,True
yolov8n.pt,0.15,video2,v02_20-18_f00264_t08.80_moderate_blur.png,gaussian,0,0.0,0.497,42.6,43.097,True
yolov8n.pt,0.15,video2,v02_20-18_f00264_t08.80_moderate_blur.png,bilateral,0,0.0,8.737,40.261,48.999,True
yolov8n.pt,0.15,video2,v02_20-18_f00264_t08.80_moderate_blur.png,wiener_denoise,0,0.0,44.335,55.458,99.793,True
yolov8n.pt,0.15,video2,v02_20-18_f00264_t08.80_moderate_blur.png,wiener_deconv,0,0.0,55.573,54.706,110.278,True
yolov8n.pt,0.15,video2,v02_20-18_f00264_t08.80_moderate_blur.png,clahe,0,0.0,2.367,53.27,55.638,True
yolov8n.pt,0.15,video2,v02_20-18_f00340_t11.33_clear.png,raw,0,0.0,0.001,48.113,48.114,True
yolov8n.pt,0.15,video2,v02_20-18_f00340_t11.33_clear.png,gaussian,0,0.0,0.533,53.081,53.614,True
yolov8n.pt,0.15,video2,v02_20-18_f00340_t11.33_clear.png,bilateral,0,0.0,8.857,47.358,56.215,True
yolov8n.pt,0.15,video2,v02_20-18_f00340_t11.33_clear.png,wiener_denoise,0,0.0,42.667,47.231,89.898,True
yolov8n.pt,0.15,video2,v02_20-18_f00340_t11.33_clear.png,wiener_deconv,0,0.0,55.262,56.587,111.849,True
yolov8n.pt,0.15,video2,v02_20-18_f00340_t11.33_clear.png,clahe,2,0.4098,2.492,36.714,39.206,True
yolov8n.pt,0.15,video2,v02_20-18_f00453_t15.10_severe_blur.png,raw,0,0.0,0.0,35.903,35.903,True
yolov8n.pt,0.15,video2,v02_20-18_f00453_t15.10_severe_blur.png,gaussian,0,0.0,0.511,35.201,35.712,True
yolov8n.pt,0.15,video2,v02_20-18_f00453_t15.10_severe_blur.png,bilateral,0,0.0,8.553,38.765,47.318,True
yolov8n.pt,0.15,video2,v02_20-18_f00453_t15.10_severe_blur.png,wiener_denoise,0,0.0,31.952,44.248,76.2,True
yolov8n.pt,0.15,video2,v02_20-18_f00453_t15.10_severe_blur.png,wiener_deconv,0,0.0,52.178,44.957,97.135,True
yolov8n.pt,0.15,video2,v02_20-18_f00453_t15.10_severe_blur.png,clahe,0,0.0,3.162,44.082,47.244,True
yolov8n.pt,0.15,video2,v02_20-18_f00567_t18.90_moderate_blur.png,raw,1,0.2307,0.0,50.403,50.404,True
yolov8n.pt,0.15,video2,v02_20-18_f00567_t18.90_moderate_blur.png,gaussian,0,0.0,0.499,52.558,53.057,True
yolov8n.pt,0.15,video2,v02_20-18_f00567_t18.90_moderate_blur.png,bilateral,0,0.0,8.544,48.451,56.995,True
yolov8n.pt,0.15,video2,v02_20-18_f00567_t18.90_moderate_blur.png,wiener_denoise,0,0.0,41.78,56.569,98.349,True
yolov8n.pt,0.15,video2,v02_20-18_f00567_t18.90_moderate_blur.png,wiener_deconv,0,0.0,56.827,67.451,124.278,True
yolov8n.pt,0.15,video2,v02_20-18_f00567_t18.90_moderate_blur.png,clahe,1,0.3875,3.688,78.982,82.67,True
yolov8n.pt,0.15,video2,v02_20-18_f00680_t22.67_severe_blur.png,raw,0,0.0,0.001,54.638,54.64,True
yolov8n.pt,0.15,video2,v02_20-18_f00680_t22.67_severe_blur.png,gaussian,0,0.0,0.497,62.441,62.938,True
yolov8n.pt,0.15,video2,v02_20-18_f00680_t22.67_severe_blur.png,bilateral,0,0.0,8.843,46.896,55.739,True
yolov8n.pt,0.15,video2,v02_20-18_f00680_t22.67_severe_blur.png,wiener_denoise,0,0.0,42.991,47.822,90.814,True
yolov8n.pt,0.15,video2,v02_20-18_f00680_t22.67_severe_blur.png,wiener_deconv,0,0.0,56.57,49.269,105.839,True
yolov8n.pt,0.15,video2,v02_20-18_f00680_t22.67_severe_blur.png,clahe,1,0.1789,3.772,58.156,61.928,True
yolov8n.pt,0.15,video2,v02_20-18_f00718_t23.93_clear.png,raw,0,0.0,0.0,48.379,48.379,True
yolov8n.pt,0.15,video2,v02_20-18_f00718_t23.93_clear.png,gaussian,1,0.1721,0.5,50.352,50.852,True
yolov8n.pt,0.15,video2,v02_20-18_f00718_t23.93_clear.png,bilateral,0,0.0,9.235,49.086,58.321,True
yolov8n.pt,0.15,video2,v02_20-18_f00718_t23.93_clear.png,wiener_denoise,1,0.2084,46.468,46.126,92.595,True
yolov8n.pt,0.15,video2,v02_20-18_f00718_t23.93_clear.png,wiener_deconv,0,0.0,60.996,46.976,107.971,True
yolov8n.pt,0.15,video2,v02_20-18_f00718_t23.93_clear.png,clahe,2,0.3516,4.326,58.9,63.227,True
yolov8n.pt,0.15,video2,v02_20-18_f00794_t26.47_moderate_blur.png,raw,0,0.0,0.0,46.932,46.933,True
yolov8n.pt,0.15,video2,v02_20-18_f00794_t26.47_moderate_blur.png,gaussian,0,0.0,0.556,52.922,53.478,True
yolov8n.pt,0.15,video2,v02_20-18_f00794_t26.47_moderate_blur.png,bilateral,0,0.0,8.977,52.948,61.926,True
yolov8n.pt,0.15,video2,v02_20-18_f00794_t26.47_moderate_blur.png,wiener_denoise,0,0.0,50.283,48.812,99.094,True
yolov8n.pt,0.15,video2,v02_20-18_f00794_t26.47_moderate_blur.png,wiener_deconv,1,0.2987,61.099,47.754,108.853,True
yolov8n.pt,0.15,video2,v02_20-18_f00794_t26.47_moderate_blur.png,clahe,0,0.0,2.749,45.333,48.082,True
yolov8n.pt,0.15,video3,v03_20-20_f00000_t00.00_clear.png,raw,2,0.4898,0.002,45.536,45.538,True
yolov8n.pt,0.15,video3,v03_20-20_f00000_t00.00_clear.png,gaussian,1,0.7945,0.539,62.213,62.753,True
yolov8n.pt,0.15,video3,v03_20-20_f00000_t00.00_clear.png,bilateral,1,0.711,10.277,45.799,56.076,True
yolov8n.pt,0.15,video3,v03_20-20_f00000_t00.00_clear.png,wiener_denoise,1,0.7697,37.276,43.86,81.136,True
yolov8n.pt,0.15,video3,v03_20-20_f00000_t00.00_clear.png,wiener_deconv,0,0.0,60.43,48.477,108.907,True
yolov8n.pt,0.15,video3,v03_20-20_f00000_t00.00_clear.png,clahe,1,0.7402,2.894,44.056,46.951,True
yolov8n.pt,0.15,video3,v03_20-20_f00016_t00.53_clear.png,raw,0,0.0,0.0,46.097,46.097,True
yolov8n.pt,0.15,video3,v03_20-20_f00016_t00.53_clear.png,gaussian,1,0.1941,0.51,49.787,50.296,True
yolov8n.pt,0.15,video3,v03_20-20_f00016_t00.53_clear.png,bilateral,1,0.1548,9.022,49.146,58.168,True
yolov8n.pt,0.15,video3,v03_20-20_f00016_t00.53_clear.png,wiener_denoise,0,0.0,35.663,57.654,93.317,True
yolov8n.pt,0.15,video3,v03_20-20_f00016_t00.53_clear.png,wiener_deconv,0,0.0,49.634,51.596,101.231,True
yolov8n.pt,0.15,video3,v03_20-20_f00016_t00.53_clear.png,clahe,0,0.0,2.602,43.679,46.28,True
yolov8n.pt,0.15,video3,v03_20-20_f00048_t01.60_moderate_blur.png,raw,0,0.0,0.0,47.902,47.903,True
yolov8n.pt,0.15,video3,v03_20-20_f00048_t01.60_moderate_blur.png,gaussian,0,0.0,0.54,46.572,47.112,True
yolov8n.pt,0.15,video3,v03_20-20_f00048_t01.60_moderate_blur.png,bilateral,0,0.0,9.872,47.132,57.004,True
yolov8n.pt,0.15,video3,v03_20-20_f00048_t01.60_moderate_blur.png,wiener_denoise,0,0.0,47.715,43.861,91.577,True
yolov8n.pt,0.15,video3,v03_20-20_f00048_t01.60_moderate_blur.png,wiener_deconv,0,0.0,73.513,54.19,127.703,True
yolov8n.pt,0.15,video3,v03_20-20_f00048_t01.60_moderate_blur.png,clahe,0,0.0,2.367,47.725,50.092,True
yolov8n.pt,0.15,video3,v03_20-20_f00064_t02.13_clear.png,raw,0,0.0,0.002,52.876,52.878,True
yolov8n.pt,0.15,video3,v03_20-20_f00064_t02.13_clear.png,gaussian,0,0.0,0.576,49.664,50.24,True
yolov8n.pt,0.15,video3,v03_20-20_f00064_t02.13_clear.png,bilateral,0,0.0,8.484,51.695,60.18,True
yolov8n.pt,0.15,video3,v03_20-20_f00064_t02.13_clear.png,wiener_denoise,0,0.0,32.391,43.439,75.83,True
yolov8n.pt,0.15,video3,v03_20-20_f00064_t02.13_clear.png,wiener_deconv,1,0.5787,53.346,49.739,103.085,True
yolov8n.pt,0.15,video3,v03_20-20_f00064_t02.13_clear.png,clahe,0,0.0,2.484,49.897,52.381,True
yolov8n.pt,0.15,video3,v03_20-20_f00080_t02.67_moderate_blur.png,raw,0,0.0,0.0,54.282,54.282,True
yolov8n.pt,0.15,video3,v03_20-20_f00080_t02.67_moderate_blur.png,gaussian,0,0.0,0.544,46.669,47.213,True
yolov8n.pt,0.15,video3,v03_20-20_f00080_t02.67_moderate_blur.png,bilateral,0,0.0,8.645,44.583,53.228,True
yolov8n.pt,0.15,video3,v03_20-20_f00080_t02.67_moderate_blur.png,wiener_denoise,0,0.0,40.339,55.501,95.839,True
yolov8n.pt,0.15,video3,v03_20-20_f00080_t02.67_moderate_blur.png,wiener_deconv,0,0.0,55.777,53.316,109.093,True
yolov8n.pt,0.15,video3,v03_20-20_f00080_t02.67_moderate_blur.png,clahe,0,0.0,2.876,48.04,50.916,True
yolov8n.pt,0.15,video3,v03_20-20_f00097_t03.23_clear.png,raw,2,0.4629,0.0,54.849,54.849,True
yolov8n.pt,0.15,video3,v03_20-20_f00097_t03.23_clear.png,gaussian,1,0.5808,0.57,57.687,58.257,True
yolov8n.pt,0.15,video3,v03_20-20_f00097_t03.23_clear.png,bilateral,1,0.4047,8.503,47.232,55.735,True
yolov8n.pt,0.15,video3,v03_20-20_f00097_t03.23_clear.png,wiener_denoise,1,0.5679,32.554,50.213,82.767,True
yolov8n.pt,0.15,video3,v03_20-20_f00097_t03.23_clear.png,wiener_deconv,1,0.3025,50.336,49.386,99.722,True
yolov8n.pt,0.15,video3,v03_20-20_f00097_t03.23_clear.png,clahe,2,0.7069,2.961,51.065,54.026,True
yolov8n.pt,0.15,video3,v03_20-20_f00113_t03.77_severe_blur.png,raw,0,0.0,0.0,46.937,46.937,True
yolov8n.pt,0.15,video3,v03_20-20_f00113_t03.77_severe_blur.png,gaussian,0,0.0,0.528,44.385,44.912,True
yolov8n.pt,0.15,video3,v03_20-20_f00113_t03.77_severe_blur.png,bilateral,0,0.0,8.473,41.412,49.885,True
yolov8n.pt,0.15,video3,v03_20-20_f00113_t03.77_severe_blur.png,wiener_denoise,0,0.0,38.869,47.555,86.424,True
yolov8n.pt,0.15,video3,v03_20-20_f00113_t03.77_severe_blur.png,wiener_deconv,1,0.4053,53.468,48.477,101.945,True
yolov8n.pt,0.15,video3,v03_20-20_f00113_t03.77_severe_blur.png,clahe,0,0.0,2.821,48.571,51.392,True
yolov8n.pt,0.15,video3,v03_20-20_f00145_t04.83_moderate_blur.png,raw,0,0.0,0.011,49.082,49.093,True
yolov8n.pt,0.15,video3,v03_20-20_f00145_t04.83_moderate_blur.png,gaussian,0,0.0,0.514,47.13,47.644,True
yolov8n.pt,0.15,video3,v03_20-20_f00145_t04.83_moderate_blur.png,bilateral,0,0.0,8.544,43.269,51.813,True
yolov8n.pt,0.15,video3,v03_20-20_f00145_t04.83_moderate_blur.png,wiener_denoise,0,0.0,48.306,49.533,97.84,True
yolov8n.pt,0.15,video3,v03_20-20_f00145_t04.83_moderate_blur.png,wiener_deconv,1,0.3341,59.661,47.997,107.658,True
yolov8n.pt,0.15,video3,v03_20-20_f00145_t04.83_moderate_blur.png,clahe,0,0.0,2.441,40.048,42.49,True
yolov8n.pt,0.15,video3,v03_20-20_f00161_t05.37_moderate_blur.png,raw,0,0.0,0.0,37.368,37.368,True
yolov8n.pt,0.15,video3,v03_20-20_f00161_t05.37_moderate_blur.png,gaussian,0,0.0,0.505,44.469,44.974,True
yolov8n.pt,0.15,video3,v03_20-20_f00161_t05.37_moderate_blur.png,bilateral,0,0.0,8.649,53.028,61.678,True
yolov8n.pt,0.15,video3,v03_20-20_f00161_t05.37_moderate_blur.png,wiener_denoise,0,0.0,61.735,55.207,116.942,True
yolov8n.pt,0.15,video3,v03_20-20_f00161_t05.37_moderate_blur.png,wiener_deconv,2,0.254,55.328,52.587,107.915,True
yolov8n.pt,0.15,video3,v03_20-20_f00161_t05.37_moderate_blur.png,clahe,0,0.0,2.591,53.44,56.031,True
yolov8n.pt,0.15,video3,v03_20-20_f00177_t05.90_moderate_blur.png,raw,0,0.0,0.0,49.907,49.907,True
yolov8n.pt,0.15,video3,v03_20-20_f00177_t05.90_moderate_blur.png,gaussian,0,0.0,0.498,44.602,45.1,True
yolov8n.pt,0.15,video3,v03_20-20_f00177_t05.90_moderate_blur.png,bilateral,0,0.0,8.601,51.715,60.317,True
yolov8n.pt,0.15,video3,v03_20-20_f00177_t05.90_moderate_blur.png,wiener_denoise,0,0.0,46.112,52.922,99.033,True
yolov8n.pt,0.15,video3,v03_20-20_f00177_t05.90_moderate_blur.png,wiener_deconv,1,0.3167,53.576,41.614,95.19,True
yolov8n.pt,0.15,video3,v03_20-20_f00177_t05.90_moderate_blur.png,clahe,0,0.0,2.219,40.858,43.077,True
yolov8n.pt,0.15,video3,v03_20-20_f00210_t07.00_severe_blur.png,raw,0,0.0,0.001,41.044,41.045,True
yolov8n.pt,0.15,video3,v03_20-20_f00210_t07.00_severe_blur.png,gaussian,0,0.0,0.501,38.19,38.692,True
yolov8n.pt,0.15,video3,v03_20-20_f00210_t07.00_severe_blur.png,bilateral,0,0.0,8.657,50.347,59.004,True
yolov8n.pt,0.15,video3,v03_20-20_f00210_t07.00_severe_blur.png,wiener_denoise,0,0.0,37.598,43.784,81.383,True
yolov8n.pt,0.15,video3,v03_20-20_f00210_t07.00_severe_blur.png,wiener_deconv,1,0.2294,49.38,51.289,100.67,True
yolov8n.pt,0.15,video3,v03_20-20_f00210_t07.00_severe_blur.png,clahe,0,0.0,2.575,53.514,56.089,True
yolov8n.pt,0.15,video3,v03_20-20_f00242_t08.07_severe_blur.png,raw,0,0.0,0.0,46.45,46.45,True
yolov8n.pt,0.15,video3,v03_20-20_f00242_t08.07_severe_blur.png,gaussian,0,0.0,0.51,44.265,44.775,True
yolov8n.pt,0.15,video3,v03_20-20_f00242_t08.07_severe_blur.png,bilateral,0,0.0,8.456,51.315,59.771,True
yolov8n.pt,0.15,video3,v03_20-20_f00242_t08.07_severe_blur.png,wiener_denoise,0,0.0,44.52,50.995,95.515,True
yolov8n.pt,0.15,video3,v03_20-20_f00242_t08.07_severe_blur.png,wiener_deconv,1,0.2965,59.309,56.034,115.343,True
yolov8n.pt,0.15,video3,v03_20-20_f00242_t08.07_severe_blur.png,clahe,0,0.0,4.095,49.118,53.213,True
yolov8n.pt,0.15,video4,v04_20-21_f00000_t00.00_clear.png,raw,3,0.4725,0.0,52.4,52.4,True
yolov8n.pt,0.15,video4,v04_20-21_f00000_t00.00_clear.png,gaussian,3,0.4835,0.573,51.348,51.921,True
yolov8n.pt,0.15,video4,v04_20-21_f00000_t00.00_clear.png,bilateral,2,0.6049,8.57,47.875,56.445,True
yolov8n.pt,0.15,video4,v04_20-21_f00000_t00.00_clear.png,wiener_denoise,3,0.5041,45.697,51.044,96.741,True
yolov8n.pt,0.15,video4,v04_20-21_f00000_t00.00_clear.png,wiener_deconv,0,0.0,61.156,48.327,109.483,True
yolov8n.pt,0.15,video4,v04_20-21_f00000_t00.00_clear.png,clahe,5,0.5466,2.873,46.801,49.674,True
yolov8n.pt,0.15,video4,v04_20-21_f00038_t01.27_clear.png,raw,2,0.5694,0.001,50.03,50.031,True
yolov8n.pt,0.15,video4,v04_20-21_f00038_t01.27_clear.png,gaussian,2,0.5438,0.497,49.024,49.521,True
yolov8n.pt,0.15,video4,v04_20-21_f00038_t01.27_clear.png,bilateral,2,0.5908,8.432,55.649,64.081,True
yolov8n.pt,0.15,video4,v04_20-21_f00038_t01.27_clear.png,wiener_denoise,2,0.6959,42.399,45.968,88.367,True
yolov8n.pt,0.15,video4,v04_20-21_f00038_t01.27_clear.png,wiener_deconv,0,0.0,53.738,51.484,105.222,True
yolov8n.pt,0.15,video4,v04_20-21_f00038_t01.27_clear.png,clahe,4,0.376,3.735,51.538,55.273,True
yolov8n.pt,0.15,video4,v04_20-21_f00076_t02.53_clear.png,raw,3,0.4136,0.0,52.411,52.411,True
yolov8n.pt,0.15,video4,v04_20-21_f00076_t02.53_clear.png,gaussian,1,0.8195,0.598,45.597,46.195,True
yolov8n.pt,0.15,video4,v04_20-21_f00076_t02.53_clear.png,bilateral,1,0.8302,9.047,47.898,56.945,True
yolov8n.pt,0.15,video4,v04_20-21_f00076_t02.53_clear.png,wiener_denoise,1,0.8309,39.584,51.757,91.342,True
yolov8n.pt,0.15,video4,v04_20-21_f00076_t02.53_clear.png,wiener_deconv,0,0.0,54.413,46.735,101.147,True
yolov8n.pt,0.15,video4,v04_20-21_f00076_t02.53_clear.png,clahe,5,0.5321,2.906,47.68,50.587,True
yolov8n.pt,0.15,video4,v04_20-21_f00114_t03.80_moderate_blur.png,raw,2,0.6405,0.0,53.215,53.216,True
yolov8n.pt,0.15,video4,v04_20-21_f00114_t03.80_moderate_blur.png,gaussian,2,0.5811,0.502,52.616,53.118,True
yolov8n.pt,0.15,video4,v04_20-21_f00114_t03.80_moderate_blur.png,bilateral,1,0.8206,9.299,43.82,53.119,True
yolov8n.pt,0.15,video4,v04_20-21_f00114_t03.80_moderate_blur.png,wiener_denoise,2,0.5212,48.294,40.669,88.963,True
yolov8n.pt,0.15,video4,v04_20-21_f00114_t03.80_moderate_blur.png,wiener_deconv,0,0.0,57.766,52.589,110.355,True
yolov8n.pt,0.15,video4,v04_20-21_f00114_t03.80_moderate_blur.png,clahe,4,0.456,2.507,51.343,53.85,True
yolov8n.pt,0.15,video4,v04_20-21_f00152_t05.07_moderate_blur.png,raw,0,0.0,0.0,52.075,52.075,True
yolov8n.pt,0.15,video4,v04_20-21_f00152_t05.07_moderate_blur.png,gaussian,0,0.0,0.601,51.108,51.709,True
yolov8n.pt,0.15,video4,v04_20-21_f00152_t05.07_moderate_blur.png,bilateral,0,0.0,8.974,48.474,57.448,True
yolov8n.pt,0.15,video4,v04_20-21_f00152_t05.07_moderate_blur.png,wiener_denoise,0,0.0,42.899,49.28,92.179,True
yolov8n.pt,0.15,video4,v04_20-21_f00152_t05.07_moderate_blur.png,wiener_deconv,0,0.0,49.546,47.796,97.342,True
yolov8n.pt,0.15,video4,v04_20-21_f00152_t05.07_moderate_blur.png,clahe,0,0.0,2.645,44.781,47.426,True
yolov8n.pt,0.15,video4,v04_20-21_f00190_t06.33_moderate_blur.png,raw,0,0.0,0.006,58.523,58.529,True
yolov8n.pt,0.15,video4,v04_20-21_f00190_t06.33_moderate_blur.png,gaussian,1,0.2221,0.588,44.606,45.194,True
yolov8n.pt,0.15,video4,v04_20-21_f00190_t06.33_moderate_blur.png,bilateral,1,0.2118,8.433,43.202,51.635,True
yolov8n.pt,0.15,video4,v04_20-21_f00190_t06.33_moderate_blur.png,wiener_denoise,1,0.2357,44.444,50.918,95.362,True
yolov8n.pt,0.15,video4,v04_20-21_f00190_t06.33_moderate_blur.png,wiener_deconv,1,0.1886,58.157,50.481,108.638,True
yolov8n.pt,0.15,video4,v04_20-21_f00190_t06.33_moderate_blur.png,clahe,0,0.0,2.605,49.813,52.418,True
yolov8n.pt,0.15,video4,v04_20-21_f00228_t07.60_severe_blur.png,raw,0,0.0,0.0,46.592,46.593,True
yolov8n.pt,0.15,video4,v04_20-21_f00228_t07.60_severe_blur.png,gaussian,0,0.0,0.511,44.209,44.719,True
yolov8n.pt,0.15,video4,v04_20-21_f00228_t07.60_severe_blur.png,bilateral,0,0.0,8.47,49.192,57.662,True
yolov8n.pt,0.15,video4,v04_20-21_f00228_t07.60_severe_blur.png,wiener_denoise,0,0.0,31.606,47.316,78.921,True
yolov8n.pt,0.15,video4,v04_20-21_f00228_t07.60_severe_blur.png,wiener_deconv,0,0.0,52.567,48.918,101.485,True
yolov8n.pt,0.15,video4,v04_20-21_f00228_t07.60_severe_blur.png,clahe,0,0.0,2.286,61.421,63.707,True
yolov8n.pt,0.15,video4,v04_20-21_f00266_t08.87_clear.png,raw,2,0.322,0.0,44.673,44.673,True
yolov8n.pt,0.15,video4,v04_20-21_f00266_t08.87_clear.png,gaussian,2,0.3534,0.483,42.235,42.718,True
yolov8n.pt,0.15,video4,v04_20-21_f00266_t08.87_clear.png,bilateral,2,0.3205,8.653,50.417,59.07,True
yolov8n.pt,0.15,video4,v04_20-21_f00266_t08.87_clear.png,wiener_denoise,2,0.352,45.554,56.03,101.584,True
yolov8n.pt,0.15,video4,v04_20-21_f00266_t08.87_clear.png,wiener_deconv,1,0.3404,55.554,51.805,107.36,True
yolov8n.pt,0.15,video4,v04_20-21_f00266_t08.87_clear.png,clahe,2,0.6085,2.326,53.743,56.069,True
yolov8n.pt,0.15,video4,v04_20-21_f00304_t10.13_severe_blur.png,raw,0,0.0,0.002,49.845,49.847,True
yolov8n.pt,0.15,video4,v04_20-21_f00304_t10.13_severe_blur.png,gaussian,0,0.0,0.543,58.232,58.775,True
yolov8n.pt,0.15,video4,v04_20-21_f00304_t10.13_severe_blur.png,bilateral,0,0.0,9.032,49.544,58.575,True
yolov8n.pt,0.15,video4,v04_20-21_f00304_t10.13_severe_blur.png,wiener_denoise,0,0.0,38.485,55.467,93.952,True
yolov8n.pt,0.15,video4,v04_20-21_f00304_t10.13_severe_blur.png,wiener_deconv,0,0.0,61.64,44.144,105.783,True
yolov8n.pt,0.15,video4,v04_20-21_f00304_t10.13_severe_blur.png,clahe,1,0.2109,2.717,43.324,46.041,True
yolov8n.pt,0.15,video4,v04_20-21_f00342_t11.40_severe_blur.png,raw,1,0.4117,0.0,49.146,49.146,True
yolov8n.pt,0.15,video4,v04_20-21_f00342_t11.40_severe_blur.png,gaussian,0,0.0,0.51,48.791,49.302,True
yolov8n.pt,0.15,video4,v04_20-21_f00342_t11.40_severe_blur.png,bilateral,0,0.0,10.092,55.732,65.823,True
yolov8n.pt,0.15,video4,v04_20-21_f00342_t11.40_severe_blur.png,wiener_denoise,0,0.0,48.242,47.093,95.335,True
yolov8n.pt,0.15,video4,v04_20-21_f00342_t11.40_severe_blur.png,wiener_deconv,0,0.0,53.017,48.683,101.7,True
yolov8n.pt,0.15,video4,v04_20-21_f00342_t11.40_severe_blur.png,clahe,2,0.4385,2.905,53.0,55.905,True
yolov8n.pt,0.15,video4,v04_20-21_f00380_t12.67_moderate_blur.png,raw,3,0.2867,0.0,47.815,47.815,True
yolov8n.pt,0.15,video4,v04_20-21_f00380_t12.67_moderate_blur.png,gaussian,2,0.2982,0.534,54.009,54.543,True
yolov8n.pt,0.15,video4,v04_20-21_f00380_t12.67_moderate_blur.png,bilateral,3,0.2444,8.668,56.344,65.012,True
yolov8n.pt,0.15,video4,v04_20-21_f00380_t12.67_moderate_blur.png,wiener_denoise,2,0.2832,48.225,51.01,99.235,True
yolov8n.pt,0.15,video4,v04_20-21_f00380_t12.67_moderate_blur.png,wiener_deconv,0,0.0,55.633,54.897,110.53,True
yolov8n.pt,0.15,video4,v04_20-21_f00380_t12.67_moderate_blur.png,clahe,3,0.3399,3.274,53.491,56.766,True
yolov8n.pt,0.15,video4,v04_20-21_f00418_t13.93_moderate_blur.png,raw,2,0.6688,0.001,56.063,56.064,True
yolov8n.pt,0.15,video4,v04_20-21_f00418_t13.93_moderate_blur.png,gaussian,2,0.6765,0.714,72.562,73.276,True
yolov8n.pt,0.15,video4,v04_20-21_f00418_t13.93_moderate_blur.png,bilateral,2,0.6359,9.182,68.838,78.019,True
yolov8n.pt,0.15,video4,v04_20-21_f00418_t13.93_moderate_blur.png,wiener_denoise,2,0.6607,52.379,63.097,115.477,True
yolov8n.pt,0.15,video4,v04_20-21_f00418_t13.93_moderate_blur.png,wiener_deconv,0,0.0,63.177,51.078,114.255,True
yolov8n.pt,0.15,video4,v04_20-21_f00418_t13.93_moderate_blur.png,clahe,2,0.5591,3.488,50.101,53.59,True
yolov8n.pt,0.15,video5,v05_20-23_f00000_t00.00_clear.png,raw,0,0.0,0.0,50.99,50.99,True
yolov8n.pt,0.15,video5,v05_20-23_f00000_t00.00_clear.png,gaussian,1,0.3615,0.53,52.012,52.542,True
yolov8n.pt,0.15,video5,v05_20-23_f00000_t00.00_clear.png,bilateral,1,0.3502,9.349,41.28,50.629,True
yolov8n.pt,0.15,video5,v05_20-23_f00000_t00.00_clear.png,wiener_denoise,1,0.364,37.093,41.633,78.726,True
yolov8n.pt,0.15,video5,v05_20-23_f00000_t00.00_clear.png,wiener_deconv,0,0.0,53.554,53.311,106.865,True
yolov8n.pt,0.15,video5,v05_20-23_f00000_t00.00_clear.png,clahe,0,0.0,2.663,56.254,58.918,True
yolov8n.pt,0.15,video5,v05_20-23_f00022_t00.73_clear.png,raw,0,0.0,0.001,61.837,61.838,True
yolov8n.pt,0.15,video5,v05_20-23_f00022_t00.73_clear.png,gaussian,0,0.0,0.543,62.491,63.034,True
yolov8n.pt,0.15,video5,v05_20-23_f00022_t00.73_clear.png,bilateral,0,0.0,9.796,50.832,60.628,True
yolov8n.pt,0.15,video5,v05_20-23_f00022_t00.73_clear.png,wiener_denoise,0,0.0,46.519,83.625,130.144,True
yolov8n.pt,0.15,video5,v05_20-23_f00022_t00.73_clear.png,wiener_deconv,0,0.0,62.43,57.974,120.404,True
yolov8n.pt,0.15,video5,v05_20-23_f00022_t00.73_clear.png,clahe,0,0.0,2.727,49.194,51.92,True
yolov8n.pt,0.15,video5,v05_20-23_f00068_t02.27_moderate_blur.png,raw,0,0.0,0.005,47.137,47.142,True
yolov8n.pt,0.15,video5,v05_20-23_f00068_t02.27_moderate_blur.png,gaussian,0,0.0,0.607,45.422,46.029,True
yolov8n.pt,0.15,video5,v05_20-23_f00068_t02.27_moderate_blur.png,bilateral,0,0.0,8.474,47.703,56.177,True
yolov8n.pt,0.15,video5,v05_20-23_f00068_t02.27_moderate_blur.png,wiener_denoise,0,0.0,45.693,50.107,95.8,True
yolov8n.pt,0.15,video5,v05_20-23_f00068_t02.27_moderate_blur.png,wiener_deconv,0,0.0,56.842,68.97,125.811,True
yolov8n.pt,0.15,video5,v05_20-23_f00068_t02.27_moderate_blur.png,clahe,0,0.0,2.901,53.188,56.089,True
yolov8n.pt,0.15,video5,v05_20-23_f00136_t04.53_moderate_blur.png,raw,0,0.0,0.0,72.304,72.305,True
yolov8n.pt,0.15,video5,v05_20-23_f00136_t04.53_moderate_blur.png,gaussian,0,0.0,0.608,66.523,67.131,True
yolov8n.pt,0.15,video5,v05_20-23_f00136_t04.53_moderate_blur.png,bilateral,0,0.0,12.946,65.289,78.235,True
yolov8n.pt,0.15,video5,v05_20-23_f00136_t04.53_moderate_blur.png,wiener_denoise,0,0.0,61.9,68.761,130.661,True
yolov8n.pt,0.15,video5,v05_20-23_f00136_t04.53_moderate_blur.png,wiener_deconv,0,0.0,74.398,88.901,163.299,True
yolov8n.pt,0.15,video5,v05_20-23_f00136_t04.53_moderate_blur.png,clahe,0,0.0,3.663,70.392,74.056,True
yolov8n.pt,0.15,video5,v05_20-23_f00181_t06.03_moderate_blur.png,raw,0,0.0,0.001,69.407,69.408,True
yolov8n.pt,0.15,video5,v05_20-23_f00181_t06.03_moderate_blur.png,gaussian,0,0.0,0.778,60.019,60.797,True
yolov8n.pt,0.15,video5,v05_20-23_f00181_t06.03_moderate_blur.png,bilateral,0,0.0,11.051,64.2,75.251,True
yolov8n.pt,0.15,video5,v05_20-23_f00181_t06.03_moderate_blur.png,wiener_denoise,0,0.0,48.354,64.238,112.592,True
yolov8n.pt,0.15,video5,v05_20-23_f00181_t06.03_moderate_blur.png,wiener_deconv,0,0.0,69.08,73.618,142.698,True
yolov8n.pt,0.15,video5,v05_20-23_f00181_t06.03_moderate_blur.png,clahe,0,0.0,5.443,64.403,69.846,True
yolov8n.pt,0.15,video5,v05_20-23_f00204_t06.80_clear.png,raw,0,0.0,0.0,50.096,50.096,True
yolov8n.pt,0.15,video5,v05_20-23_f00204_t06.80_clear.png,gaussian,0,0.0,0.517,47.991,48.508,True
yolov8n.pt,0.15,video5,v05_20-23_f00204_t06.80_clear.png,bilateral,0,0.0,8.597,51.132,59.729,True
yolov8n.pt,0.15,video5,v05_20-23_f00204_t06.80_clear.png,wiener_denoise,0,0.0,41.662,46.488,88.15,True
yolov8n.pt,0.15,video5,v05_20-23_f00204_t06.80_clear.png,wiener_deconv,0,0.0,55.779,53.601,109.38,True
yolov8n.pt,0.15,video5,v05_20-23_f00204_t06.80_clear.png,clahe,0,0.0,2.851,74.48,77.332,True
yolov8n.pt,0.15,video5,v05_20-23_f00250_t08.33_moderate_blur.png,raw,0,0.0,0.0,79.407,79.407,True
yolov8n.pt,0.15,video5,v05_20-23_f00250_t08.33_moderate_blur.png,gaussian,0,0.0,0.484,50.975,51.459,True
yolov8n.pt,0.15,video5,v05_20-23_f00250_t08.33_moderate_blur.png,bilateral,0,0.0,8.641,53.12,61.761,True
yolov8n.pt,0.15,video5,v05_20-23_f00250_t08.33_moderate_blur.png,wiener_denoise,0,0.0,55.41,56.028,111.438,True
yolov8n.pt,0.15,video5,v05_20-23_f00250_t08.33_moderate_blur.png,wiener_deconv,0,0.0,63.392,60.26,123.652,True
yolov8n.pt,0.15,video5,v05_20-23_f00250_t08.33_moderate_blur.png,clahe,0,0.0,2.92,65.94,68.86,True
yolov8n.pt,0.15,video5,v05_20-23_f00295_t09.83_clear.png,raw,0,0.0,0.001,70.686,70.687,True
yolov8n.pt,0.15,video5,v05_20-23_f00295_t09.83_clear.png,gaussian,0,0.0,1.062,70.783,71.845,True
yolov8n.pt,0.15,video5,v05_20-23_f00295_t09.83_clear.png,bilateral,0,0.0,11.45,79.659,91.109,True
yolov8n.pt,0.15,video5,v05_20-23_f00295_t09.83_clear.png,wiener_denoise,0,0.0,37.938,39.82,77.758,True
yolov8n.pt,0.15,video5,v05_20-23_f00295_t09.83_clear.png,wiener_deconv,0,0.0,69.071,51.726,120.797,True
yolov8n.pt,0.15,video5,v05_20-23_f00295_t09.83_clear.png,clahe,0,0.0,3.071,55.491,58.562,True
yolov8n.pt,0.15,video5,v05_20-23_f00318_t10.60_moderate_blur.png,raw,0,0.0,0.0,47.013,47.013,True
yolov8n.pt,0.15,video5,v05_20-23_f00318_t10.60_moderate_blur.png,gaussian,0,0.0,0.482,44.489,44.971,True
yolov8n.pt,0.15,video5,v05_20-23_f00318_t10.60_moderate_blur.png,bilateral,0,0.0,10.165,46.886,57.051,True
yolov8n.pt,0.15,video5,v05_20-23_f00318_t10.60_moderate_blur.png,wiener_denoise,0,0.0,37.048,48.134,85.183,True
yolov8n.pt,0.15,video5,v05_20-23_f00318_t10.60_moderate_blur.png,wiener_deconv,0,0.0,62.688,52.977,115.665,True
yolov8n.pt,0.15,video5,v05_20-23_f00318_t10.60_moderate_blur.png,clahe,0,0.0,2.752,59.369,62.121,True
yolov8n.pt,0.15,video5,v05_20-23_f00386_t12.87_severe_blur.png,raw,0,0.0,0.0,58.048,58.048,True
yolov8n.pt,0.15,video5,v05_20-23_f00386_t12.87_severe_blur.png,gaussian,0,0.0,0.528,49.624,50.152,True
yolov8n.pt,0.15,video5,v05_20-23_f00386_t12.87_severe_blur.png,bilateral,0,0.0,8.578,45.174,53.752,True
yolov8n.pt,0.15,video5,v05_20-23_f00386_t12.87_severe_blur.png,wiener_denoise,0,0.0,40.686,44.594,85.28,True
yolov8n.pt,0.15,video5,v05_20-23_f00386_t12.87_severe_blur.png,wiener_deconv,1,0.1949,54.027,50.478,104.505,True
yolov8n.pt,0.15,video5,v05_20-23_f00386_t12.87_severe_blur.png,clahe,1,0.1836,2.883,48.795,51.677,True
yolov8n.pt,0.15,video5,v05_20-23_f00432_t14.40_severe_blur.png,raw,0,0.0,0.002,53.262,53.263,True
yolov8n.pt,0.15,video5,v05_20-23_f00432_t14.40_severe_blur.png,gaussian,0,0.0,0.647,52.991,53.638,True
yolov8n.pt,0.15,video5,v05_20-23_f00432_t14.40_severe_blur.png,bilateral,0,0.0,8.995,64.596,73.59,True
yolov8n.pt,0.15,video5,v05_20-23_f00432_t14.40_severe_blur.png,wiener_denoise,0,0.0,49.056,56.65,105.706,True
yolov8n.pt,0.15,video5,v05_20-23_f00432_t14.40_severe_blur.png,wiener_deconv,0,0.0,57.567,54.106,111.673,True
yolov8n.pt,0.15,video5,v05_20-23_f00432_t14.40_severe_blur.png,clahe,0,0.0,3.317,57.629,60.946,True
yolov8n.pt,0.15,video5,v05_20-23_f00477_t15.90_severe_blur.png,raw,0,0.0,0.0,54.721,54.722,True
yolov8n.pt,0.15,video5,v05_20-23_f00477_t15.90_severe_blur.png,gaussian,0,0.0,0.52,48.257,48.777,True
yolov8n.pt,0.15,video5,v05_20-23_f00477_t15.90_severe_blur.png,bilateral,0,0.0,8.738,40.94,49.678,True
yolov8n.pt,0.15,video5,v05_20-23_f00477_t15.90_severe_blur.png,wiener_denoise,0,0.0,39.335,61.065,100.4,True
yolov8n.pt,0.15,video5,v05_20-23_f00477_t15.90_severe_blur.png,wiener_deconv,0,0.0,57.832,55.018,112.849,True
yolov8n.pt,0.15,video5,v05_20-23_f00477_t15.90_severe_blur.png,clahe,0,0.0,2.5,44.481,46.981,True
yolov8n.pt,0.15,video6,v06_20-24_f00000_t00.00_clear.png,raw,0,0.0,0.0,44.982,44.982,True
yolov8n.pt,0.15,video6,v06_20-24_f00000_t00.00_clear.png,gaussian,1,0.1501,0.52,51.584,52.104,True
yolov8n.pt,0.15,video6,v06_20-24_f00000_t00.00_clear.png,bilateral,0,0.0,8.763,45.807,54.57,True
yolov8n.pt,0.15,video6,v06_20-24_f00000_t00.00_clear.png,wiener_denoise,0,0.0,39.959,48.476,88.435,True
yolov8n.pt,0.15,video6,v06_20-24_f00000_t00.00_clear.png,wiener_deconv,0,0.0,58.226,53.952,112.178,True
yolov8n.pt,0.15,video6,v06_20-24_f00000_t00.00_clear.png,clahe,0,0.0,2.631,40.583,43.214,True
yolov8n.pt,0.15,video6,v06_20-24_f00030_t01.00_clear.png,raw,0,0.0,0.006,43.392,43.398,True
yolov8n.pt,0.15,video6,v06_20-24_f00030_t01.00_clear.png,gaussian,0,0.0,0.525,44.595,45.121,True
yolov8n.pt,0.15,video6,v06_20-24_f00030_t01.00_clear.png,bilateral,0,0.0,8.661,49.205,57.866,True
yolov8n.pt,0.15,video6,v06_20-24_f00030_t01.00_clear.png,wiener_denoise,0,0.0,44.788,46.032,90.821,True
yolov8n.pt,0.15,video6,v06_20-24_f00030_t01.00_clear.png,wiener_deconv,0,0.0,56.776,52.55,109.326,True
yolov8n.pt,0.15,video6,v06_20-24_f00030_t01.00_clear.png,clahe,0,0.0,3.859,55.212,59.071,True
yolov8n.pt,0.15,video6,v06_20-24_f00123_t04.10_moderate_blur.png,raw,0,0.0,0.0,55.037,55.037,True
yolov8n.pt,0.15,video6,v06_20-24_f00123_t04.10_moderate_blur.png,gaussian,1,0.2002,0.519,49.866,50.385,True
yolov8n.pt,0.15,video6,v06_20-24_f00123_t04.10_moderate_blur.png,bilateral,1,0.2401,11.284,52.595,63.88,True
yolov8n.pt,0.15,video6,v06_20-24_f00123_t04.10_moderate_blur.png,wiener_denoise,1,0.2124,43.018,49.766,92.784,True
yolov8n.pt,0.15,video6,v06_20-24_f00123_t04.10_moderate_blur.png,wiener_deconv,1,0.4218,56.899,52.067,108.966,True
yolov8n.pt,0.15,video6,v06_20-24_f00123_t04.10_moderate_blur.png,clahe,1,0.1811,3.007,48.388,51.395,True
yolov8n.pt,0.15,video6,v06_20-24_f00154_t05.13_moderate_blur.png,raw,0,0.0,0.0,46.419,46.419,True
yolov8n.pt,0.15,video6,v06_20-24_f00154_t05.13_moderate_blur.png,gaussian,0,0.0,0.509,46.343,46.851,True
yolov8n.pt,0.15,video6,v06_20-24_f00154_t05.13_moderate_blur.png,bilateral,0,0.0,8.354,40.894,49.247,True
yolov8n.pt,0.15,video6,v06_20-24_f00154_t05.13_moderate_blur.png,wiener_denoise,0,0.0,35.652,40.615,76.268,True
yolov8n.pt,0.15,video6,v06_20-24_f00154_t05.13_moderate_blur.png,wiener_deconv,0,0.0,52.313,45.786,98.099,True
yolov8n.pt,0.15,video6,v06_20-24_f00154_t05.13_moderate_blur.png,clahe,0,0.0,2.678,58.917,61.595,True
yolov8n.pt,0.15,video6,v06_20-24_f00184_t06.13_severe_blur.png,raw,0,0.0,0.005,50.685,50.689,True
yolov8n.pt,0.15,video6,v06_20-24_f00184_t06.13_severe_blur.png,gaussian,0,0.0,0.528,50.509,51.038,True
yolov8n.pt,0.15,video6,v06_20-24_f00184_t06.13_severe_blur.png,bilateral,0,0.0,8.783,51.287,60.069,True
yolov8n.pt,0.15,video6,v06_20-24_f00184_t06.13_severe_blur.png,wiener_denoise,0,0.0,36.642,53.887,90.529,True
yolov8n.pt,0.15,video6,v06_20-24_f00184_t06.13_severe_blur.png,wiener_deconv,0,0.0,54.053,47.737,101.79,True
yolov8n.pt,0.15,video6,v06_20-24_f00184_t06.13_severe_blur.png,clahe,0,0.0,2.41,53.431,55.841,True
yolov8n.pt,0.15,video6,v06_20-24_f00215_t07.17_severe_blur.png,raw,0,0.0,0.0,60.504,60.504,True
yolov8n.pt,0.15,video6,v06_20-24_f00215_t07.17_severe_blur.png,gaussian,0,0.0,0.505,47.482,47.987,True
yolov8n.pt,0.15,video6,v06_20-24_f00215_t07.17_severe_blur.png,bilateral,0,0.0,8.418,47.708,56.125,True
yolov8n.pt,0.15,video6,v06_20-24_f00215_t07.17_severe_blur.png,wiener_denoise,0,0.0,41.706,50.128,91.835,True
yolov8n.pt,0.15,video6,v06_20-24_f00215_t07.17_severe_blur.png,wiener_deconv,0,0.0,64.718,48.917,113.635,True
yolov8n.pt,0.15,video6,v06_20-24_f00215_t07.17_severe_blur.png,clahe,0,0.0,2.8,46.966,49.765,True
yolov8n.pt,0.15,video6,v06_20-24_f00246_t08.20_clear.png,raw,0,0.0,0.0,48.222,48.222,True
yolov8n.pt,0.15,video6,v06_20-24_f00246_t08.20_clear.png,gaussian,0,0.0,0.62,50.383,51.004,True
yolov8n.pt,0.15,video6,v06_20-24_f00246_t08.20_clear.png,bilateral,0,0.0,8.866,63.616,72.482,True
yolov8n.pt,0.15,video6,v06_20-24_f00246_t08.20_clear.png,wiener_denoise,0,0.0,38.194,49.906,88.1,True
yolov8n.pt,0.15,video6,v06_20-24_f00246_t08.20_clear.png,wiener_deconv,0,0.0,54.247,53.342,107.589,True
yolov8n.pt,0.15,video6,v06_20-24_f00246_t08.20_clear.png,clahe,0,0.0,2.958,50.031,52.989,True
yolov8n.pt,0.15,video6,v06_20-24_f00277_t09.23_moderate_blur.png,raw,0,0.0,0.001,42.713,42.715,True
yolov8n.pt,0.15,video6,v06_20-24_f00277_t09.23_moderate_blur.png,gaussian,0,0.0,0.518,45.958,46.477,True
yolov8n.pt,0.15,video6,v06_20-24_f00277_t09.23_moderate_blur.png,bilateral,0,0.0,8.948,40.955,49.902,True
yolov8n.pt,0.15,video6,v06_20-24_f00277_t09.23_moderate_blur.png,wiener_denoise,0,0.0,40.053,53.034,93.088,True
yolov8n.pt,0.15,video6,v06_20-24_f00277_t09.23_moderate_blur.png,wiener_deconv,0,0.0,52.912,52.11,105.022,True
yolov8n.pt,0.15,video6,v06_20-24_f00277_t09.23_moderate_blur.png,clahe,0,0.0,2.522,45.803,48.325,True
yolov8n.pt,0.15,video6,v06_20-24_f00431_t14.37_moderate_blur.png,raw,0,0.0,0.0,52.581,52.582,True
yolov8n.pt,0.15,video6,v06_20-24_f00431_t14.37_moderate_blur.png,gaussian,0,0.0,0.54,49.691,50.23,True
yolov8n.pt,0.15,video6,v06_20-24_f00431_t14.37_moderate_blur.png,bilateral,0,0.0,8.892,47.415,56.307,True
yolov8n.pt,0.15,video6,v06_20-24_f00431_t14.37_moderate_blur.png,wiener_denoise,0,0.0,38.279,45.636,83.915,True
yolov8n.pt,0.15,video6,v06_20-24_f00431_t14.37_moderate_blur.png,wiener_deconv,0,0.0,54.2,56.549,110.749,True
yolov8n.pt,0.15,video6,v06_20-24_f00431_t14.37_moderate_blur.png,clahe,0,0.0,2.704,48.168,50.872,True
yolov8n.pt,0.15,video6,v06_20-24_f00493_t16.43_severe_blur.png,raw,0,0.0,0.0,49.539,49.539,True
yolov8n.pt,0.15,video6,v06_20-24_f00493_t16.43_severe_blur.png,gaussian,0,0.0,0.509,51.624,52.133,True
yolov8n.pt,0.15,video6,v06_20-24_f00493_t16.43_severe_blur.png,bilateral,0,0.0,8.461,45.781,54.242,True
yolov8n.pt,0.15,video6,v06_20-24_f00493_t16.43_severe_blur.png,wiener_denoise,0,0.0,46.331,49.739,96.07,True
yolov8n.pt,0.15,video6,v06_20-24_f00493_t16.43_severe_blur.png,wiener_deconv,0,0.0,56.265,49.73,105.995,True
yolov8n.pt,0.15,video6,v06_20-24_f00493_t16.43_severe_blur.png,clahe,0,0.0,3.165,46.56,49.725,True
yolov8n.pt,0.15,video6,v06_20-24_f00616_t20.53_moderate_blur.png,raw,0,0.0,0.001,53.951,53.952,True
yolov8n.pt,0.15,video6,v06_20-24_f00616_t20.53_moderate_blur.png,gaussian,0,0.0,0.491,47.006,47.496,True
yolov8n.pt,0.15,video6,v06_20-24_f00616_t20.53_moderate_blur.png,bilateral,0,0.0,8.441,45.889,54.33,True
yolov8n.pt,0.15,video6,v06_20-24_f00616_t20.53_moderate_blur.png,wiener_denoise,0,0.0,38.919,44.587,83.506,True
yolov8n.pt,0.15,video6,v06_20-24_f00616_t20.53_moderate_blur.png,wiener_deconv,1,0.3324,57.689,48.034,105.723,True
yolov8n.pt,0.15,video6,v06_20-24_f00616_t20.53_moderate_blur.png,clahe,0,0.0,2.862,51.155,54.017,True
yolov8n.pt,0.15,video6,v06_20-24_f00647_t21.57_clear.png,raw,0,0.0,0.0,48.12,48.12,True
yolov8n.pt,0.15,video6,v06_20-24_f00647_t21.57_clear.png,gaussian,0,0.0,0.568,43.38,43.948,True
yolov8n.pt,0.15,video6,v06_20-24_f00647_t21.57_clear.png,bilateral,0,0.0,8.784,54.118,62.901,True
yolov8n.pt,0.15,video6,v06_20-24_f00647_t21.57_clear.png,wiener_denoise,0,0.0,52.71,48.069,100.779,True
yolov8n.pt,0.15,video6,v06_20-24_f00647_t21.57_clear.png,wiener_deconv,1,0.2297,58.127,45.329,103.456,True
yolov8n.pt,0.15,video6,v06_20-24_f00647_t21.57_clear.png,clahe,1,0.5228,2.479,53.439,55.918,True
yolov8n.pt,0.15,video7,v07_20-25_f00000_t00.00_clear.png,raw,0,0.0,0.0,45.346,45.346,True
yolov8n.pt,0.15,video7,v07_20-25_f00000_t00.00_clear.png,gaussian,0,0.0,0.514,45.608,46.122,True
yolov8n.pt,0.15,video7,v07_20-25_f00000_t00.00_clear.png,bilateral,0,0.0,8.846,53.281,62.128,True
yolov8n.pt,0.15,video7,v07_20-25_f00000_t00.00_clear.png,wiener_denoise,0,0.0,39.135,52.456,91.592,True
yolov8n.pt,0.15,video7,v07_20-25_f00000_t00.00_clear.png,wiener_deconv,0,0.0,63.609,78.287,141.897,True
yolov8n.pt,0.15,video7,v07_20-25_f00000_t00.00_clear.png,clahe,0,0.0,2.856,48.671,51.527,True
yolov8n.pt,0.15,video7,v07_20-25_f00014_t00.47_moderate_blur.png,raw,0,0.0,0.001,55.081,55.082,True
yolov8n.pt,0.15,video7,v07_20-25_f00014_t00.47_moderate_blur.png,gaussian,0,0.0,0.487,44.06,44.547,True
yolov8n.pt,0.15,video7,v07_20-25_f00014_t00.47_moderate_blur.png,bilateral,0,0.0,9.715,42.94,52.654,True
yolov8n.pt,0.15,video7,v07_20-25_f00014_t00.47_moderate_blur.png,wiener_denoise,0,0.0,45.132,45.158,90.29,True
yolov8n.pt,0.15,video7,v07_20-25_f00014_t00.47_moderate_blur.png,wiener_deconv,0,0.0,57.415,49.44,106.855,True
yolov8n.pt,0.15,video7,v07_20-25_f00014_t00.47_moderate_blur.png,clahe,0,0.0,2.904,49.136,52.04,True
yolov8n.pt,0.15,video7,v07_20-25_f00029_t00.97_clear.png,raw,0,0.0,0.0,47.327,47.327,True
yolov8n.pt,0.15,video7,v07_20-25_f00029_t00.97_clear.png,gaussian,0,0.0,0.508,51.463,51.972,True
yolov8n.pt,0.15,video7,v07_20-25_f00029_t00.97_clear.png,bilateral,0,0.0,8.592,49.152,57.744,True
yolov8n.pt,0.15,video7,v07_20-25_f00029_t00.97_clear.png,wiener_denoise,0,0.0,43.272,50.017,93.289,True
yolov8n.pt,0.15,video7,v07_20-25_f00029_t00.97_clear.png,wiener_deconv,1,0.2207,56.463,48.054,104.517,True
yolov8n.pt,0.15,video7,v07_20-25_f00029_t00.97_clear.png,clahe,0,0.0,2.688,45.41,48.098,True
yolov8n.pt,0.15,video7,v07_20-25_f00044_t01.47_clear.png,raw,0,0.0,0.0,44.381,44.381,True
yolov8n.pt,0.15,video7,v07_20-25_f00044_t01.47_clear.png,gaussian,0,0.0,0.505,51.145,51.649,True
yolov8n.pt,0.15,video7,v07_20-25_f00044_t01.47_clear.png,bilateral,0,0.0,8.897,55.527,64.424,True
yolov8n.pt,0.15,video7,v07_20-25_f00044_t01.47_clear.png,wiener_denoise,0,0.0,46.523,53.793,100.316,True
yolov8n.pt,0.15,video7,v07_20-25_f00044_t01.47_clear.png,wiener_deconv,0,0.0,55.938,49.875,105.813,True
yolov8n.pt,0.15,video7,v07_20-25_f00044_t01.47_clear.png,clahe,0,0.0,2.544,43.713,46.257,True
yolov8n.pt,0.15,video7,v07_20-25_f00059_t01.97_clear.png,raw,0,0.0,0.0,57.586,57.586,True
yolov8n.pt,0.15,video7,v07_20-25_f00059_t01.97_clear.png,gaussian,0,0.0,0.494,45.73,46.224,True
yolov8n.pt,0.15,video7,v07_20-25_f00059_t01.97_clear.png,bilateral,0,0.0,8.88,52.443,61.324,True
yolov8n.pt,0.15,video7,v07_20-25_f00059_t01.97_clear.png,wiener_denoise,0,0.0,39.174,71.478,110.652,True
yolov8n.pt,0.15,video7,v07_20-25_f00059_t01.97_clear.png,wiener_deconv,1,0.5062,61.02,48.526,109.546,True
yolov8n.pt,0.15,video7,v07_20-25_f00059_t01.97_clear.png,clahe,0,0.0,2.77,46.799,49.569,True
yolov8n.pt,0.15,video7,v07_20-25_f00074_t02.47_moderate_blur.png,raw,0,0.0,0.008,45.535,45.543,True
yolov8n.pt,0.15,video7,v07_20-25_f00074_t02.47_moderate_blur.png,gaussian,0,0.0,0.513,51.02,51.533,True
yolov8n.pt,0.15,video7,v07_20-25_f00074_t02.47_moderate_blur.png,bilateral,0,0.0,12.995,51.874,64.869,True
yolov8n.pt,0.15,video7,v07_20-25_f00074_t02.47_moderate_blur.png,wiener_denoise,0,0.0,46.789,50.508,97.297,True
yolov8n.pt,0.15,video7,v07_20-25_f00074_t02.47_moderate_blur.png,wiener_deconv,0,0.0,57.405,58.846,116.251,True
yolov8n.pt,0.15,video7,v07_20-25_f00074_t02.47_moderate_blur.png,clahe,0,0.0,4.652,59.388,64.041,True
yolov8n.pt,0.15,video7,v07_20-25_f00104_t03.47_severe_blur.png,raw,0,0.0,0.0,48.2,48.2,True
yolov8n.pt,0.15,video7,v07_20-25_f00104_t03.47_severe_blur.png,gaussian,0,0.0,0.503,47.189,47.693,True
yolov8n.pt,0.15,video7,v07_20-25_f00104_t03.47_severe_blur.png,bilateral,0,0.0,8.642,44.948,53.591,True
yolov8n.pt,0.15,video7,v07_20-25_f00104_t03.47_severe_blur.png,wiener_denoise,0,0.0,33.981,42.954,76.935,True
yolov8n.pt,0.15,video7,v07_20-25_f00104_t03.47_severe_blur.png,wiener_deconv,0,0.0,53.421,42.929,96.35,True
yolov8n.pt,0.15,video7,v07_20-25_f00104_t03.47_severe_blur.png,clahe,0,0.0,2.684,42.009,44.693,True
yolov8n.pt,0.15,video7,v07_20-25_f00119_t03.97_moderate_blur.png,raw,0,0.0,0.0,47.702,47.702,True
yolov8n.pt,0.15,video7,v07_20-25_f00119_t03.97_moderate_blur.png,gaussian,0,0.0,0.508,42.925,43.433,True
yolov8n.pt,0.15,video7,v07_20-25_f00119_t03.97_moderate_blur.png,bilateral,0,0.0,8.834,43.313,52.147,True
yolov8n.pt,0.15,video7,v07_20-25_f00119_t03.97_moderate_blur.png,wiener_denoise,0,0.0,39.435,51.51,90.945,True
yolov8n.pt,0.15,video7,v07_20-25_f00119_t03.97_moderate_blur.png,wiener_deconv,0,0.0,58.437,52.38,110.817,True
yolov8n.pt,0.15,video7,v07_20-25_f00119_t03.97_moderate_blur.png,clahe,0,0.0,2.709,44.921,47.629,True
yolov8n.pt,0.15,video7,v07_20-25_f00149_t04.97_moderate_blur.png,raw,0,0.0,0.001,52.332,52.333,True
yolov8n.pt,0.15,video7,v07_20-25_f00149_t04.97_moderate_blur.png,gaussian,0,0.0,0.492,47.244,47.736,True
yolov8n.pt,0.15,video7,v07_20-25_f00149_t04.97_moderate_blur.png,bilateral,0,0.0,9.723,39.951,49.674,True
yolov8n.pt,0.15,video7,v07_20-25_f00149_t04.97_moderate_blur.png,wiener_denoise,0,0.0,46.242,44.762,91.004,True
yolov8n.pt,0.15,video7,v07_20-25_f00149_t04.97_moderate_blur.png,wiener_deconv,0,0.0,63.075,44.611,107.686,True
yolov8n.pt,0.15,video7,v07_20-25_f00149_t04.97_moderate_blur.png,clahe,0,0.0,3.014,47.213,50.226,True
yolov8n.pt,0.15,video7,v07_20-25_f00178_t05.93_severe_blur.png,raw,0,0.0,0.0,55.683,55.683,True
yolov8n.pt,0.15,video7,v07_20-25_f00178_t05.93_severe_blur.png,gaussian,0,0.0,0.561,50.58,51.141,True
yolov8n.pt,0.15,video7,v07_20-25_f00178_t05.93_severe_blur.png,bilateral,0,0.0,8.803,51.887,60.689,True
yolov8n.pt,0.15,video7,v07_20-25_f00178_t05.93_severe_blur.png,wiener_denoise,0,0.0,39.63,49.409,89.039,True
yolov8n.pt,0.15,video7,v07_20-25_f00178_t05.93_severe_blur.png,wiener_deconv,0,0.0,54.626,48.76,103.386,True
yolov8n.pt,0.15,video7,v07_20-25_f00178_t05.93_severe_blur.png,clahe,0,0.0,3.53,47.347,50.878,True
yolov8n.pt,0.15,video7,v07_20-25_f00223_t07.43_moderate_blur.png,raw,0,0.0,0.0,46.965,46.965,True
yolov8n.pt,0.15,video7,v07_20-25_f00223_t07.43_moderate_blur.png,gaussian,0,0.0,0.512,53.517,54.029,True
yolov8n.pt,0.15,video7,v07_20-25_f00223_t07.43_moderate_blur.png,bilateral,0,0.0,9.098,59.371,68.468,True
yolov8n.pt,0.15,video7,v07_20-25_f00223_t07.43_moderate_blur.png,wiener_denoise,0,0.0,35.247,51.125,86.371,True
yolov8n.pt,0.15,video7,v07_20-25_f00223_t07.43_moderate_blur.png,wiener_deconv,0,0.0,59.964,47.828,107.792,True
yolov8n.pt,0.15,video7,v07_20-25_f00223_t07.43_moderate_blur.png,clahe,0,0.0,2.842,55.077,57.919,True
yolov8n.pt,0.15,video7,v07_20-25_f00268_t08.93_severe_blur.png,raw,0,0.0,0.004,52.195,52.2,True
yolov8n.pt,0.15,video7,v07_20-25_f00268_t08.93_severe_blur.png,gaussian,0,0.0,0.507,50.401,50.908,True
yolov8n.pt,0.15,video7,v07_20-25_f00268_t08.93_severe_blur.png,bilateral,0,0.0,8.923,42.946,51.868,True
yolov8n.pt,0.15,video7,v07_20-25_f00268_t08.93_severe_blur.png,wiener_denoise,0,0.0,39.46,54.828,94.288,True
yolov8n.pt,0.15,video7,v07_20-25_f00268_t08.93_severe_blur.png,wiener_deconv,1,0.1852,63.496,45.027,108.523,True
yolov8n.pt,0.15,video7,v07_20-25_f00268_t08.93_severe_blur.png,clahe,0,0.0,2.543,44.414,46.957,True
